user_id,lat,lng
1,40.4862157,-74.4518188
2,-6.197086,106.833033
3,-6.200787,106.832453
4,28.5383355,-81.3792365
5,28.5383355,-81.3792365
6,39.6477653,-104.9877597
7,40.7439905,-74.0323626
8,38.5950532,-90.5462339
9,33.8658484,-118.0831212
10,38.5950532,-90.5462339
11,-6.2689913,106.8060388
12,43.6525,-79.3816667
13,37.3393857,-121.8949555
14,40.65,-73.95
15,41.7620447,-72.7420399
16,40.65,-73.95
17,33.414768,-111.9093095
18,39.8680412,-104.9719243
19,40.7143528,-74.0059731
20,33.9562149,-83.9879625
21,39.7391536,-104.9847034
22,33.4053867,-86.8113781
23,39.4862267,-75.0257313
24,39.7391536,-104.9847034
25,40.65,-73.95
26,43.1347897,-76.1299238
27,-6.213342,106.738467
28,40.65,-73.95
29,40.7143528,-74.0059731
30,42.575567,-83.272411
31,30.0803521,-81.5751476
32,51.5001524,-0.1262362
33,33.8041667,-118.1580556
34,37.798577,-122.4246535
35,32.3546679,-89.3985283
36,-6.213342,106.738467
37,40.65,-73.95
38,50.808465,4.943227
39,33.414768,-111.9093095
40,33.4483771,-112.0740373
41,38.8799697,-77.1067698
42,25.7889689,-80.2264393
43,37.8043722,-122.2708026
44,42.3584308,-71.0597732
45,-6.2015759,106.8753662
46,-6.20161,106.817137
47,33.7489954,-84.3879824
48,40.9312099,-73.8987469
49,40.610232,-73.953957
50,45.4636889,9.1881408
51,27.949436,-82.4651441
52,38.5395564,-75.0551806
53,40.65,-73.95
54,-6.211544,106.845172
55,40.7143528,-74.0059731
56,27.3364347,-82.5306527
57,43.0389025,-87.9064736
58,37.3393857,-121.8949555
59,36.114646,-115.172816
60,40.7143528,-74.0059731
61,40.740389,-73.983385
62,39.7391536,-104.9847034
63,40.7143528,-74.0059731
64,38.646991,-90.224967
65,37.5629917,-122.3255254
66,-6.20161,106.817137
67,-6.20161,106.817137
68,-6.201718,106.79397
69,-6.20239,106.830541
70,49.248523,-123.1088
71,41.4994954,-81.6954088
72,44.9799654,-93.2638361
73,-6.2136912,106.8561884
74,49.248523,-123.1088
75,34.2073196,-84.1401926
76,35.9382103,-77.7905339
77,-6.202669,106.78276
78,29.9988312,-95.2621553
79,-6.202821,106.842845
80,-6.202821,106.842845
81,-6.202821,106.842845
82,32.981212,-117.078863
83,-30.0277041,-51.2287346
84,37.8215929,-121.9999606
85,43.7844397,-88.7878678
86,40.7143528,-74.0059731
87,41.026389,-73.628889
88,27.7730556,-82.64
89,-6.203429,106.931782
90,-6.20545,106.758794
91,-6.2077655,106.8351884
92,-6.2077655,106.8351884
93,-6.208803,106.966889
94,40.7143528,-74.0059731
95,-6.217208,106.828227
96,-6.217208,106.828227
97,40.7143528,-74.0059731
98,22.396428,114.109497
99,38.8799697,-77.1067698
100,44.4758825,-73.212072
101,-6.225843,106.856809
102,42.3833697,-83.2965971
103,40.7143528,-74.0059731
104,30.267153,-97.7430608
105,-6.2101194,106.8089885
106,-6.2101194,106.8089885
107,-6.21112,106.811692
108,33.5539143,-117.2139232
109,-6.213138,106.867878
110,-6.21693,106.7881345
111,-6.217208,106.828227
112,42.6583661,-83.1499322
113,1.352083,103.819836
114,1.352083,103.819836
115,33.0366667,-85.0319444
116,41.8781136,-87.6297982
117,32.8370727,-97.0819541
118,38.8951118,-77.0363658
119,1.352083,103.819836
120,39.6837226,-75.7496572
121,40.65,-73.95
122,-6.21693,106.7881345
123,-6.21693,106.7881345
124,36.1734694,-79.9889277
125,34.3916641,-118.542586
126,43.5867164,-116.1956556
127,40.7143528,-74.0059731
128,40.7143528,-74.0059731
129,44.9541667,-93.1138889
130,40.7143528,-74.0059731
131,41.0050977,-73.7845768
132,47.5301011,-122.0326191
133,-6.217208,106.828227
134,-6.217208,106.828227
135,-6.217208,106.828227
136,-6.217208,106.828227
137,-6.217208,106.828227
138,-6.217208,106.828227
139,-6.2177209,106.8114687
140,40.65,-73.95
141,47.4506495,-122.8273657
142,38.5815719,-121.4943996
143,42.3875968,-71.0994968
144,33.4273614,-81.8909472
145,33.8041667,-118.1580556
146,-6.225843,106.856809
147,-6.225843,106.856809
148,-6.225843,106.856809
149,40.65,-73.95
150,47.6062095,-122.3320708
151,47.3223221,-122.3126222
152,28.5383355,-81.3792365
153,37.9735346,-122.5310874
154,-6.211544,106.845172
155,28.5383355,-81.3792365
156,-6.211544,106.845172
157,34.2643067,-118.4396756
158,40.7143528,-74.0059731
159,-6.225843,106.856809
160,-6.225843,106.856809
161,35.2270869,-80.8431267
162,41.3795863,2.1683571
163,32.3199396,-106.7636538
164,41.3795863,2.1683571
165,41.3795863,2.1683571
166,49.248523,-123.1088
167,39.7683765,-86.1580423
168,-6.225843,106.856809
169,-6.225843,106.856809
170,-6.225843,106.856809
171,-6.225843,106.856809
172,49.319647,-123.068237
173,42.3726399,-71.1096528
174,32.735687,-97.1080656
175,41.8781136,-87.6297982
176,40.65,-73.95
177,38.8799697,-77.1067698
178,42.5159145,-73.6101159
179,33.8041667,-118.1580556
180,1.352083,103.819836
181,43.0717552,-70.7625532
182,42.6425794,-73.742898
183,38.8951118,-77.0363658
184,40.65,-73.95
185,40.65,-73.95
186,-6.2261952,106.8252123
187,-6.227478,106.810588
188,41.8781136,-87.6297982
189,25.7889689,-80.2264393
190,-6.2342713,106.914989
191,41.8781136,-87.6297982
192,40.65,-73.95
193,41.6392024,-87.4547635
194,25.790654,-80.1300455
195,33.5360955,-112.3819027
196,-6.227478,106.810588
197,-6.227478,106.810588
198,33.4483771,-112.0740373
199,34.0211224,-118.3964665
200,-6.2345108,106.8443875
201,-6.2345108,106.8443875
202,33.955802,-83.3823656
203,38.5815719,-121.4943996
204,36.3320196,-94.1185366
205,41.1670412,-73.2048348
206,-6.228157,106.935565
207,-6.2290385,106.8163628
208,-6.229896,106.816574
209,-6.229896,106.816574
210,33.8352932,-117.9145036
211,41.7587165,-72.9567871
212,32.802955,-96.769923
213,47.6062095,-122.3320708
214,37.7749295,-122.4194155
215,37.4315734,-78.6568942
216,-6.2689913,106.8060388
217,40.65,-73.95
218,37.542979,-77.469092
219,40.65,-73.95
220,40.7143528,-74.0059731
221,40.806862,-96.681679
222,43.6525,-79.3816667
223,43.6525,-79.3816667
224,47.6062095,-122.3320708
225,37.7749295,-122.4194155
226,26.2445263,-80.206436
227,29.7628844,-95.3830615
228,44.9541667,-93.1138889
229,42.645021,-95.199855
230,40.65,-73.95
231,35.772096,-78.6386145
232,44.97413,-93.5066217
233,31.9685988,-99.9018131
234,39.0997265,-94.5785667
235,40.65,-73.95
236,-6.229936,106.805838
237,-6.231677,106.88464
238,-6.231677,106.88464
239,-6.231677,106.88464
240,33.6890603,-78.8866943
241,26.7153424,-80.0533746
242,40.7143528,-74.0059731
243,-6.231937,106.890845
244,43.6121087,-116.3915131
245,40.65,-73.95
246,40.65,-73.95
247,40.65,-73.95
248,34.0522342,-118.2436849
249,-6.2689913,106.8060388
250,37.542979,-77.469092
251,40.65,-73.95
252,40.65,-73.95
253,40.65,-73.95
254,40.65,-73.95
255,-6.2689913,106.8060388
256,-6.2689913,106.8060388
257,60.2054791,24.6558839
258,38.8951118,-77.0363658
259,44.9541667,-93.1138889
260,40.6976019,-74.2632024
261,41.042721,-74.542633
262,40.6639916,-74.2107006
263,31.54505,74.340683
264,42.3317642,-71.1211635
265,30.3582506,-90.0656311
266,30.0861876,-94.1020587
267,40.65,-73.95
268,-6.2689913,106.8060388
269,-6.2689913,106.8060388
270,40.9848784,-72.6151169
271,45.446787,-122.5303688
272,30.6743643,-96.3699632
273,-6.211544,106.845172
274,35.1495343,-90.0489801
275,44.9483333,-93.3480556
276,40.8539879,-74.8290555
277,-6.2329705,106.83457
278,-6.2689913,106.8060388
279,-6.2689913,106.8060388
280,-6.2689913,106.8060388
281,42.331427,-83.0457538
282,41.6639383,-83.555212
283,34.769536,-92.2670941
284,42.2708716,-83.7263294
285,39.091449,-84.4957757
286,42.48059,-83.4754913
287,42.3086486,-83.4821579
288,41.8781136,-87.6297982
289,29.7628844,-95.3830615
290,40.65,-73.95
291,33.4222685,-111.8226402
292,33.4483771,-112.0740373
293,-6.2689913,106.8060388
294,-6.2689913,106.8060388
295,49.248523,-123.1088
296,34.0489281,-111.0937311
297,40.7967667,-74.4815438
298,45.5234515,-122.6762071
299,29.9647222,-90.0705556
300,37.629349,-122.400087
301,37.3393857,-121.8949555
302,45.7911519,-73.76348
303,38.5815719,-121.4943996
304,31.54505,74.340683
305,42.3726399,-71.1096528
306,38.5890723,-121.302728
307,31.54505,74.340683
308,-6.2689913,106.8060388
309,-6.2689913,106.8060388
310,-6.2689913,106.8060388
311,-6.2689913,106.8060388
312,47.0378741,-122.9006951
313,20.7591667,-156.4572222
314,47.0378741,-122.9006951
315,29.4238472,-95.2441009
316,39.3899391,-74.596021
317,41.4169806,-87.3653135
318,-6.2689913,106.8060388
319,-6.2689913,106.8060388
320,-6.2689913,106.8060388
321,-6.2689913,106.8060388
322,-6.2689913,106.8060388
323,-6.2689913,106.8060388
324,43.5867164,-116.1956556
325,-6.2689913,106.8060388
326,-6.2689913,106.8060388
327,-6.2689913,106.8060388
328,-6.2689913,106.8060388
329,33.7455731,-117.8678338
330,34.0555693,-117.1825381
331,-6.2689913,106.8060388
332,-6.2689913,106.8060388
333,-6.2689913,106.8060388
334,-6.2689913,106.8060388
335,-6.2689913,106.8060388
336,-6.2689913,106.8060388
337,-6.2689913,106.8060388
338,-23.5489433,-46.6388182
339,-6.2689913,106.8060388
340,-6.2689913,106.8060388
341,-6.2689913,106.8060388
342,38.3047222,-122.2988889
343,40.4166909,-3.7003454
344,40.5187154,-74.4120953
345,                    ,                    
346,34.0686208,-117.9389526
347,40.7143528,-74.0059731
348,-6.2689913,106.8060388
349,37.2939322,-87.1233292
350,32.8084605,-98.1128223
351,40.65,-73.95
352,33.8358492,-118.3406288
353,54.5972686,-5.9301088
354,50.8503,4.35171
355,25.72149,-80.2683838
356,43.0730517,-89.4012302
357,26.3586885,-80.0830984
358,-6.2689913,106.8060388
359,-6.2689913,106.8060388
360,41.5733669,-87.7844944
361,38.8338816,-104.8213634
362,38.9822282,-94.6707917
363,38.646991,-90.224967
364,42.2942045,-83.3099303
365,33.7489954,-84.3879824
366,41.254006,-95.999258
367,41.254006,-95.999258
368,52.0901422,5.1096649
369,-42.7358635,147.4370488
370,-37.851524,144.993484
371,34.8526176,-82.3940104
372,32.7765656,-79.9309216
373,33.800745,-84.41052
374,39.978371,-86.1180435
375,32.4609764,-84.9877094
376,29.3056716,48.0307613
377,-6.2689913,106.8060388
378,-6.2689913,106.8060388
379,-6.2689913,106.8060388
380,-6.2689913,106.8060388
381,-6.2689913,106.8060388
382,-6.2689913,106.8060388
383,37.5296593,-122.0402399
384,45.577524,-73.744965
385,39.0997265,-94.5785667
386,36.7477272,-119.7723661
387,40.65,-73.95
388,40.65,-73.95
389,-6.2689913,106.8060388
390,-6.2689913,106.8060388
391,29.7628844,-95.3830615
392,46.9753708,-123.8157218
393,23.590642,58.3916579
394,29.7628844,-95.3830615
395,-6.2689913,106.8060388
396,-6.2689913,106.8060388
397,-6.2689913,106.8060388
398,40.65,-73.95
399,32.8795022,-111.7573521
400,-6.2689913,106.8060388
401,39.7391536,-104.9847034
402,33.4483771,-112.0740373
403,42.0028761,-71.5147839
404,33.3061605,-111.8412502
405,33.414768,-111.9093095
406,40.65,-73.95
407,47.2528768,-122.4442906
408,-6.2689913,106.8060388
409,43.0692299,-77.2988746
410,39.2903848,-76.6121893
411,44.0247062,-88.5426136
412,52.6358983,-1.1347626
413,12.9715987,77.5945627
414,40.0378755,-76.3055144
415,36.778261,-119.4179324
416,41.3747744,-83.6513229
417,33.5801103,-85.0766113
418,39.0839973,-77.1527578
419,40.65,-73.95
420,42.0667652,-71.3281114
421,35.7212689,-77.9155395
422,37.3860517,-122.0838511
423,38.646991,-90.224967
424,35.0073697,-80.9450759
425,37.9735346,-122.5310874
426,33.6839473,-117.7946942
427,37.9735346,-122.5310874
428,37.1298517,-80.4089389
429,41.254006,-95.999258
430,37.2295733,-80.4139393
431,40.65,-73.95
432,40.79428591,-73.97186995
433,37.3393857,-121.8949555
434,33.1506744,-96.8236116
435,40.8200998,-74.3648731
436,30.0474332,-99.1403189
437,41.8781136,-87.6297982
438,-6.2689913,106.8060388
439,-6.2689913,106.8060388
440,25.9564812,-80.1392121
441,40.65,-73.95
442,-6.2689913,106.8060388
443,34.1975048,-119.1770516
444,43.897858,-78.943434
445,0.5333333,101.45
446,49.4846773,8.476724
447,43.2694208,-91.475695
448,48.8566667,2.3509871
449,39.8467767,-75.7116032
450,42.3584308,-71.0597732
451,41.9026569,12.4025065
452,39.9792659,-76.2763474
453,40.7143528,-74.0059731
454,40.65,-73.95
455,40.65,-73.95
456,-6.2689913,106.8060388
457,41.6925381,-86.9775319
458,29.5641184,-95.0254839
459,29.7628844,-95.3830615
460,38.2544472,-104.6091409
461,28.2919557,-81.407571
462,28.5494447,-81.7728543
463,41.165,-87.8783333
464,40.7143528,-74.0059731
465,43.6525,-79.3816667
466,40.65,-73.95
467,-6.2689913,106.8060388
468,28.5383355,-81.3792365
469,39.5383333,-75.13
470,-6.2689913,106.8060388
471,-6.2689913,106.8060388
472,-6.2689913,106.8060388
473,-6.2689913,106.8060388
474,-6.2689913,106.8060388
475,-6.2689913,106.8060388
476,47.6062095,-122.3320708
477,-6.2689913,106.8060388
478,-6.2689913,106.8060388
479,-6.2689913,106.8060388
480,39.9205411,-105.0866504
481,47.1770457,-122.1865056
482,36.114646,-115.172816
483,47.6062095,-122.3320708
484,40.715972,-74.001437
485,40.65,-73.95
486,-6.2689913,106.8060388
487,42.3584308,-71.0597732
488,41.9895248,-72.6496849
489,40.65,-73.95
490,28.5652787,-81.5861847
491,-6.211544,106.845172
492,40.65,-73.95
493,42.905848,-88.1389779
494,-6.2689913,106.8060388
495,29.0444147,-95.5691126
496,41.6978777,-72.7237063
497,40.28545,-100.167198
498,33.0198431,-96.6988856
499,32.8234621,-97.1705678
500,39.808611,-74.941667
501,38.0317136,-84.4951359
502,-6.2689913,106.8060388
503,40.65,-73.95
504,34.9166667,33.6333333
505,40.7329606,-73.9884556
506,40.65,-73.95
507,40.65,-73.95
508,33.5206608,-86.80249
509,51.5001524,-0.1262362
510,59.878323,10.6195026
511,27.4125417,-82.6589881
512,41.0814447,-81.5190053
513,43.0717552,-70.7625532
514,33.4941704,-111.9260519
515,40.3636945,-74.6488264
516,44.7677424,-93.2777226
517,41.0814447,-81.5190053
518,41.0256101,-81.7298519
519,41.0906519,-73.9179146
520,40.740389,-73.983385
521,43.88493,-79.43039
522,44.052701,-79.459315
523,27.949436,-82.4651441
524,34.0522342,-118.2436849
525,39.1361111,-84.5030556
526,13.7018309,100.5236358
527,15.870032,100.992541
528,40.65,-73.95
529,26.2378597,-80.1247667
530,39.6862263,-74.995168
531,36.778261,-119.4179324
532,42.3584308,-71.0597732
533,-6.2689913,106.8060388
534,-6.2689913,106.8060388
535,35.3638709,-99.4315778
536,43.551876,10.3080108
537,40.715972,-74.001437
538,33.9242688,-84.3785379
539,40.65,-73.95
540,31.5455001,-110.2772856
541,-6.2689913,106.8060388
542,-6.2689913,106.8060388
543,40.2203907,-74.0120817
544,38.8799697,-77.1067698
545,41.256483,-74.3598755
546,-6.2689913,106.8060388
547,34.4073066,-118.7220153
548,40.7143528,-74.0059731
549,52.0422,-0.7047
550,-6.2689913,106.8060388
551,-6.2689913,106.8060388
552,-6.2689913,106.8060388
553,-6.2689913,106.8060388
554,-6.2689913,106.8060388
555,-6.2689913,106.8060388
556,33.414768,-111.9093095
557,32.2217429,-110.926479
558,27.949436,-82.4651441
559,-6.2689913,106.8060388
560,30.0799405,-95.4171601
561,40.65,-73.95
562,40.65,-73.95
563,-6.2689913,106.8060388
564,-6.2689913,106.8060388
565,28.5383355,-81.3792365
566,-6.2689913,106.8060388
567,29.7628844,-95.3830615
568,37.1298517,-80.4089389
569,38.8951118,-77.0363658
570,26.2034071,-98.2300124
571,-6.2689913,106.8060388
572,41.6819935,-85.9766671
573,-6.2689913,106.8060388
574,-6.2689913,106.8060388
575,29.7628844,-95.3830615
576,34.0900091,-118.3617443
577,41.0573188,-74.1409771
578,37.9735346,-122.5310874
579,40.65,-73.95
580,33.4936391,-117.1483648
581,40.65,-73.95
582,41.8954656,12.4823243
583,39.0558235,-95.6890185
584,38.9822282,-94.6707917
585,46.8716667,-96.895
586,-6.2689913,106.8060388
587,38.8813958,-94.8191285
588,40.7143528,-74.0059731
589,32.5007037,-94.7404891
590,40.65,-73.95
591,-6.2689913,106.8060388
592,-6.2689913,106.8060388
593,40.0455917,-86.0085955
594,40.65,-73.95
595,40.65,-73.95
596,-6.2689913,106.8060388
597,40.7143528,-74.0059731
598,40.65,-73.95
599,53.5538148,9.9915752
600,35.8484645,-81.4959267
601,43.6274794,-89.7709579
602,-6.2689913,106.8060388
603,40.65,-73.95
604,42.1655801,-88.2942493
605,40.65,-73.95
606,34.7464809,-92.2895948
607,43.6980782,-85.4836557
608,40.65,-73.95
609,-6.2689913,106.8060388
610,-6.2689913,106.8060388
611,42.3584308,-71.0597732
612,36.08770793,-86.64839745
613,37.9060368,-122.5449763
614,-2.767443,107.662926
615,-6.211544,106.845172
616,37.9063131,-122.064963
617,40.0583238,-74.4056612
618,33.414768,-111.9093095
619,28.2919557,-81.407571
620,28.5383355,-81.3792365
621,40.65,-73.95
622,33.4222685,-111.8226402
623,-6.2689913,106.8060388
624,-6.2689913,106.8060388
625,37.0057816,-121.5682751
626,38.7509488,-77.4752667
627,-6.2689913,106.8060388
628,-6.2689913,106.8060388
629,27.7730556,-82.64
630,-6.2689913,106.8060388
631,44.9799654,-93.2638361
632,-6.2689913,106.8060388
633,-6.2689913,106.8060388
634,-6.2689913,106.8060388
635,26.3017374,-98.1633432
636,-34.6084175,-58.3731613
637,-6.2689913,106.8060388
638,46.8771863,-96.7898034
639,39.0997265,-94.5785667
640,44.5645659,-123.2620435
641,40.65,-73.95
642,-6.2689913,106.8060388
643,-6.2689913,106.8060388
644,-6.2689913,106.8060388
645,41.3081527,-72.9281577
646,-6.2689913,106.8060388
647,-6.2689913,106.8060388
648,42.3584308,-71.0597732
649,36.9752283,-121.953293
650,40.7143528,-74.0059731
651,47.3719582,-102.7540751
652,42.4439614,-76.5018807
653,40.65,-73.95
654,40.65,-73.95
655,41.0997803,-80.6495194
656,-6.2689913,106.8060388
657,41.8781136,-87.6297982
658,40.715972,-74.001437
659,46.729553,-94.6858998
660,38.2493581,-122.0399663
661,39.0997265,-94.5785667
662,40.0149856,-105.2705456
663,37.798577,-122.4246535
664,29.4241219,-98.4936282
665,47.0256,-88.520393
666,47.6587802,-117.4260466
667,39.952335,-75.163789
668,40.65,-73.95
669,47.6062095,-122.3320708
670,47.610377,-122.2006786
671,32.802955,-96.769923
672,47.8106521,-122.3773552
673,31.3271189,-89.2903392
674,47.8209301,-122.3151313
675,47.610377,-122.2006786
676,47.9789848,-122.2020794
677,41.5581525,-73.0514965
678,32.802955,-96.769923
679,-6.211544,106.845172
680,41.2619444,-95.8608333
681,34.0522342,-118.2436849
682,42.6583661,-83.1499322
683,40.65,-73.95
684,40.65,-73.95
685,-6.2689913,106.8060388
686,-6.2689913,106.8060388
687,-6.2689913,106.8060388
688,-6.2689913,106.8060388
689,43.0730517,-89.4012302
690,26.2034071,-98.2300124
691,32.5420821,-97.3208492
692,36.114646,-115.172816
693,41.8781136,-87.6297982
694,37.629349,-122.400087
695,40.65,-73.95
696,33.3806716,-84.7996573
697,40.65,-73.95
698,-6.2689913,106.8060388
699,18.4663338,-66.1057217
700,-6.2689913,106.8060388
701,34.8526176,-82.3940104
702,-6.2689913,106.8060388
703,-6.2689913,106.8060388
704,35.9940329,-78.898619
705,48.1449808,11.5484992
706,38.8951118,-77.0363658
707,40.875891,-81.4023356
708,41.564233,-90.476182
709,40.65,-73.95
710,38.9187222,-77.2310925
711,45.7452466,-87.0645801
712,33.6130942,-112.3246042
713,33.9472359,-118.0853451
714,33.9791793,-118.032844
715,41.8781136,-87.6297982
716,42.2042586,-72.6162009
717,40.7143528,-74.0059731
718,40.4406248,-79.9958864
719,42.325578,-87.8411818
720,40.65,-73.95
721,40.65,-73.95
722,42.4105765,-88.0261911
723,-6.2689913,106.8060388
724,34.4208305,-119.6981901
725,34.0522342,-118.2436849
726,37.5059814,-77.6491578
727,42.02335,-93.625622
728,41.5236437,-90.5776367
729,42.02335,-93.625622
730,-23.5489433,-46.6388182
731,-14.235004,-51.92528
732,37.7749295,-122.4194155
733,37.2871651,-121.9499568
734,38.9784453,-76.4921829
735,36.3134397,-82.3534727
736,38.5815719,-121.4943996
737,41.254006,-95.999258
738,40.65,-73.95
739,42.493,-83.028197
740,39.3642834,-74.4229266
741,39.2903848,-76.6121893
742,32.7595737,-97.4583538
743,29.6910625,-95.2091006
744,46.8771863,-96.7898034
745,40.65,-73.95
746,41.0814447,-81.5190053
747,37.542979,-77.469092
748,39.1434406,-77.2013705
749,39.1731621,-77.2716502
750,37.9735346,-122.5310874
751,32.802955,-96.769923
752,-6.211544,106.845172
753,35.2270869,-80.8431267
754,-6.2689913,106.8060388
755,-6.2689913,106.8060388
756,-6.2689913,106.8060388
757,43.5978075,-84.7675139
758,38.0251394,-78.0041649
759,40.7143528,-74.0059731
760,33.4483771,-112.0740373
761,40.65,-73.95
762,26.2159066,-98.3252932
763,33.046233,-96.994174
764,49.248869,-122.973796
765,40.7281575,-74.0776417
766,-6.2689913,106.8060388
767,-6.2689913,106.8060388
768,-6.2689913,106.8060388
769,-6.2689913,106.8060388
770,41.8781136,-87.6297982
771,33.9472359,-118.0853451
772,41.1412077,-73.2637258
773,39.2903848,-76.6121893
774,33.6189101,-117.9289469
775,42.2625932,-71.8022934
776,-34.6084175,-58.3731613
777,46.2483333,-114.1597222
778,33.8675143,-117.9981181
779,32.009754,-81.105977
780,40.65,-73.95
781,42.9464737,-71.5159015
782,-6.2689913,106.8060388
783,-6.2689913,106.8060388
784,37.9735346,-122.5310874
785,-6.211544,106.845172
786,-6.2689913,106.8060388
787,-6.2689913,106.8060388
788,-6.2689913,106.8060388
789,-6.2689913,106.8060388
790,40.554887,-74.4642861
791,-6.2689913,106.8060388
792,44.9799654,-93.2638361
793,44.9541667,-93.1138889
794,-6.2689913,106.8060388
795,39.5505376,-107.3247762
796,46.5435442,-87.395417
797,33.3061605,-111.8412502
798,48.1449808,11.5484992
799,-6.2689913,106.8060388
800,48.7771056,9.1807688
801,48.1449808,11.5484992
802,48.1449808,11.5484992
803,51.5001524,-0.1262362
804,53.5538148,9.9915752
805,40.65,-73.95
806,44.4942191,11.3464815
807,31.9685988,-99.9018131
808,40.700936,-73.712909
809,-6.2689913,106.8060388
810,-6.2689913,106.8060388
811,-6.2689913,106.8060388
812,-6.2689913,106.8060388
813,33.1031744,-96.6705503
814,40.7143528,-74.0059731
815,33.4483771,-112.0740373
816,40.65,-73.95
817,33.7489954,-84.3879824
818,40.7143528,-74.0059731
819,36.3883809,-86.4466599
820,40.7143528,-74.0059731
821,40.65,-73.95
822,62.454648,-114.376469
823,40.65,-73.95
824,21.3069444,-157.8583333
825,33.414768,-111.9093095
826,42.213889,-71.225
827,37.566535,126.9779692
828,41.6833813,-86.2500066
829,35.772096,-78.6386145
830,35.4675602,-97.5164276
831,40.7143528,-74.0059731
832,38.4404674,-122.7144314
833,14.8,120.9333333
834,37.566535,126.9779692
835,36.3504119,127.3845475
836,40.7143528,-74.0059731
837,37.3393857,-121.8949555
838,-0.3012262,36.5229641
839,31.549333,-97.1466695
840,39.7589478,-84.1916069
841,34.1477849,-118.1445155
842,34.1808392,-118.3089661
843,29.0258191,-80.9269984
844,42.1181133,-79.2936594
845,30.7235263,-95.5507771
846,35.772096,-78.6386145
847,32.802955,-96.769923
848,40.65,-73.95
849,41.1670412,-73.2048348
850,40.65,-73.95
851,32.802955,-96.769923
852,35.6465721,139.6532473
853,40.2737002,-76.8844179
854,36.778261,-119.4179324
855,48.7595529,-122.4882249
856,37.566535,126.9779692
857,35.907757,127.766922
858,33.7489954,-84.3879824
859,38.8951118,-77.0363658
860,33.4483771,-112.0740373
861,44.520563,-80.016235
862,37.9063131,-122.064963
863,40.65,-73.95
864,27.6386434,-80.3972736
865,-6.211544,106.845172
866,37.7749295,-122.4194155
867,40.9731536,-73.9615262
868,52.5234051,13.4113999
869,42.6525793,-73.7562317
870,40.057516,-74.110006
871,-6.2689913,106.8060388
872,-6.2689913,106.8060388
873,-6.2689913,106.8060388
874,44.8832982,-93.2830021
875,13.6180288,100.4380885
876,33.8352932,-117.9145036
877,13.692298,100.7506969
878,32.7153292,-117.1572551
879,39.0997265,-94.5785667
880,32.802955,-96.769923
881,47.6062095,-122.3320708
882,39.0997265,-94.5785667
883,37.7749295,-122.4194155
884,30.476351,-98.155319
885,40.65,-73.95
886,37.629349,-122.400087
887,28.5691677,-81.5439619
888,33.5178907,-84.6696548
889,38.8799697,-77.1067698
890,40.65,-73.95
891,40.65,-73.95
892,34.0489281,-111.0937311
893,32.802955,-96.769923
894,40.65,-73.95
895,40.65,-73.95
896,32.802955,-96.769923
897,38.8951118,-77.0363658
898,33.4483771,-112.0740373
899,44.9483333,-93.3480556
900,39.7391536,-104.9847034
901,33.9930677,-117.9686755
902,34.1435878,-118.3952221
903,40.65,-73.95
904,41.8781136,-87.6297982
905,26.275636,-80.0872654
906,26.1223084,-80.1433786
907,40.2628184,-85.675809
908,46.8771863,-96.7898034
909,41.8781136,-87.6297982
910,33.6839473,-117.7946942
911,40.7143528,-74.0059731
912,40.65,-73.95
913,32.3668052,-86.2999689
914,33.9562149,-83.9879625
915,39.5500507,-105.7820674
916,33.6305938,-112.333216
917,-6.2689913,106.8060388
918,-6.2689913,106.8060388
919,39.1361111,-84.5030556
920,-6.9147444,107.6098111
921,40.65,-73.95
922,39.829728,-74.9789595
923,-6.211544,106.845172
924,-7.783173,110.379386
925,32.7153292,-117.1572551
926,33.4483771,-112.0740373
927,42.0714907,-70.8092074
928,42.4927641,-92.3429631
929,41.6032207,-73.087749
930,33.7489954,-84.3879824
931,-6.2689913,106.8060388
932,-6.2689913,106.8060388
933,33.955802,-83.3823656
934,28.2188992,-82.4575938
935,39.7683765,-86.1580423
936,40.65,-73.95
937,33.4941704,-111.9260519
938,33.706966,-117.0844733
939,44.9799654,-93.2638361
940,33.4483771,-112.0740373
941,-6.2689913,106.8060388
942,-6.2689913,106.8060388
943,44.9799654,-93.2638361
944,32.802955,-96.769923
945,44.9132965,-93.5032877
946,40.65,-73.95
947,37.566535,126.9779692
948,40.7143528,-74.0059731
949,42.2830786,-87.9531303
950,-6.2689913,106.8060388
951,42.4169651,-88.0739708
952,-6.2689913,106.8060388
953,44.5645659,-123.2620435
954,42.4605917,-83.1346478
955,42.7978061,-83.7049498
956,44.5645659,-123.2620435
957,41.8781136,-87.6297982
958,42.331427,-83.0457538
959,-6.2689913,106.8060388
960,-6.2689913,106.8060388
961,-6.2689913,106.8060388
962,-6.2689913,106.8060388
963,-6.2689913,106.8060388
964,-6.2689913,106.8060388
965,-6.2689913,106.8060388
966,-6.2689913,106.8060388
967,-6.2689913,106.8060388
968,40.740389,-73.983385
969,33.8352932,-117.9145036
970,-6.2689913,106.8060388
971,37.3541079,-121.9552356
972,-6.2689913,106.8060388
973,-6.2689913,106.8060388
974,-6.2689913,106.8060388
975,-6.2689913,106.8060388
976,-6.2689913,106.8060388
977,-6.2689913,106.8060388
978,-6.2689913,106.8060388
979,43.16103,-77.6109219
980,-6.2689913,106.8060388
981,-6.2689913,106.8060388
982,-6.2689913,106.8060388
983,-6.2689913,106.8060388
984,-6.2689913,106.8060388
985,-6.2689913,106.8060388
986,-6.2689913,106.8060388
987,39.0511558,-84.5350292
988,40.0362184,-75.5138118
989,25.72149,-80.2683838
990,40.4172871,-82.907123
991,29.2108147,-81.0228331
992,-6.2689913,106.8060388
993,-6.2689913,106.8060388
994,-6.2689913,106.8060388
995,-6.2689913,106.8060388
996,-6.2689913,106.8060388
997,-6.2689913,106.8060388
998,-6.2689913,106.8060388
999,40.7329606,-73.9884556
1000,40.5725,-111.8597222
1001,40.2338438,-111.6585337
1002,33.414768,-111.9093095
1003,40.7329606,-73.9884556
1004,42.4858692,-83.1052028
1005,26.0112014,-80.1494901
1006,40.7143528,-74.0059731
1007,40.7143528,-74.0059731
1008,33.7489954,-84.3879824
1009,39.952335,-75.163789
1010,38.5449065,-121.7405167
1011,-6.2689913,106.8060388
1012,-6.2689913,106.8060388
1013,-6.2689913,106.8060388
1014,-6.2689913,106.8060388
1015,-6.2689913,106.8060388
1016,-6.2689913,106.8060388
1017,40.7143528,-74.0059731
1018,36.0726354,-79.7919754
1019,39.091449,-84.4957757
1020,39.1361111,-84.5030556
1021,21.2396915,-104.8936853
1022,41.0467635,-74.0229173
1023,-6.2689913,106.8060388
1024,-6.2689913,106.8060388
1025,33.8675143,-117.9981181
1026,40.65,-73.95
1027,-6.2689913,106.8060388
1028,52.9218993,-1.475642
1029,37.629349,-122.400087
1030,42.9026136,-78.744572
1031,39.629526,-79.9558968
1032,32.2217429,-110.926479
1033,39.629526,-79.9558968
1034,47.7542651,-122.1634582
1035,41.4839827,-74.2176487
1036,35.2270869,-80.8431267
1037,30.7563889,-81.5713889
1038,41.4839827,-74.2176487
1039,38.9791709,-94.9685783
1040,40.7143528,-74.0059731
1041,40.65,-73.95
1042,42.3861485,-82.9118591
1043,38.2526647,-85.7584557
1044,32.7153292,-117.1572551
1045,33.4483771,-112.0740373
1046,40.65,-73.95
1047,-0.3012262,36.5229641
1048,-6.2689913,106.8060388
1049,39.9611755,-82.9987942
1050,39.952335,-75.163789
1051,36.9787588,-76.428003
1052,39.8467767,-75.7116032
1053,39.9681644,-75.5727083
1054,39.9606643,-75.6054882
1055,40.65,-73.95
1056,40.65,-73.95
1057,39.849557,-75.3557457
1058,40.65,-73.95
1059,-6.2689913,106.8060388
1060,-6.2689913,106.8060388
1061,-6.2689913,106.8060388
1062,33.8752935,-117.5664384
1063,36.4053283,-87.2036165
1064,40.65,-73.95
1065,31.3112936,-92.4451371
1066,27.2758333,-80.355
1067,43.0347491,-83.5180063
1068,40.65,-73.95
1069,42.0897965,-76.8077338
1070,40.65,-73.95
1071,41.6392024,-87.4547635
1072,35.4675602,-97.5164276
1073,38.7833333,-90.5166667
1074,32.725409,-97.3208496
1075,6.927468,79.848358
1076,40.7143528,-74.0059731
1077,-6.2689913,106.8060388
1078,37.7974273,-121.2160526
1079,40.7959334,-74.3148712
1080,25.7889689,-80.2264393
1081,-0.3012262,36.5229641
1082,40.5123258,-74.8593318
1083,36.0726354,-79.7919754
1084,26.1223084,-80.1433786
1085,-6.2689913,106.8060388
1086,-6.2689913,106.8060388
1087,-6.2689913,106.8060388
1088,-6.2689913,106.8060388
1089,-6.2689913,106.8060388
1090,-6.2689913,106.8060388
1091,-6.2689913,106.8060388
1092,-6.2689913,106.8060388
1093,41.0234304,-74.0665297
1094,35.1216424,-120.6212821
1095,34.1321631,-84.300666
1096,42.3584308,-71.0597732
1097,-6.2689913,106.8060388
1098,-6.2689913,106.8060388
1099,-6.2689913,106.8060388
1100,-6.2689913,106.8060388
1101,-6.2689913,106.8060388
1102,-6.2689913,106.8060388
1103,-6.2689913,106.8060388
1104,-6.2689913,106.8060388
1105,-6.2689913,106.8060388
1106,-6.2689913,106.8060388
1107,-6.2689913,106.8060388
1108,28.5383355,-81.3792365
1109,27.6648274,-81.5157535
1110,40.65,-73.95
1111,35.9131996,-79.0558445
1112,-6.2689913,106.8060388
1113,41.0602216,-111.9710529
1114,27.949436,-82.4651441
1115,25.7276624,-99.5450974
1116,-6.2689913,106.8060388
1117,-6.2689913,106.8060388
1118,-6.2689913,106.8060388
1119,-6.2689913,106.8060388
1120,-6.2689913,106.8060388
1121,-6.2689913,106.8060388
1122,-6.2689913,106.8060388
1123,-6.2689913,106.8060388
1124,-6.2689913,106.8060388
1125,29.5521737,-98.269734
1126,19.442808,-99.144008
1127,32.2217429,-110.926479
1128,22.1564699,-100.9855409
1129,-6.2689913,106.8060388
1130,-6.2689913,106.8060388
1131,35.2270869,-80.8431267
1132,38.966944,-76.862222
1133,40.5492265,-82.8274014
1134,48.8703541,2.3392996
1135,-6.2689913,106.8060388
1136,-6.2689913,106.8060388
1137,-6.2689913,106.8060388
1138,-6.2689913,106.8060388
1139,-6.2689913,106.8060388
1140,-6.2689913,106.8060388
1141,-6.2689913,106.8060388
1142,41.408969,-75.6624122
1143,-6.2689913,106.8060388
1144,25.7889689,-80.2264393
1145,25.7889689,-80.2264393
1146,25.7076017,-80.2933846
1147,25.7076017,-80.2933846
1148,40.65,-73.95
1149,47.0378741,-122.9006951
1150,39.165325,-86.5263857
1151,45.5234515,-122.6762071
1152,32.7153292,-117.1572551
1153,40.65,-73.95
1154,41.6005448,-93.6091064
1155,33.4483771,-112.0740373
1156,32.7153292,-117.1572551
1157,42.1211364,-88.2578582
1158,37.7361933,-121.9466284
1159,34.2694474,-118.781482
1160,35.3166667,-120.8355556
1161,40.7143528,-74.0059731
1162,32.7153292,-117.1572551
1163,38.9517053,-92.3340724
1164,40.7143528,-74.0059731
1165,38.9517053,-92.3340724
1166,33.7489954,-84.3879824
1167,40.7143528,-74.0059731
1168,-6.2689913,106.8060388
1169,-6.2689913,106.8060388
1170,-6.2689913,106.8060388
1171,-6.2689913,106.8060388
1172,39.629526,-79.9558968
1173,43.1706128,-78.6903098
1174,41.8781136,-87.6297982
1175,39.7136754,-82.5993294
1176,40.65,-73.95
1177,52.51273,5.47214
1178,39.9611755,-82.9987942
1179,39.952335,-75.163789
1180,30.267153,-97.7430608
1181,32.2371465,-80.8603868
1182,34.0234337,-84.6154897
1183,40.8584328,-74.1637553
1184,38.8048355,-77.0469214
1185,40.7143528,-74.0059731
1186,41.1009293,-74.1162544
1187,32.9342919,-97.0780654
1188,40.65,-73.95
1189,33.046233,-96.994174
1190,40.65,-73.95
1191,40.5884373,-73.657908
1192,41.2042616,-73.7270761
1193,32.802955,-96.769923
1194,30.0474332,-99.1403189
1195,34.3916641,-118.542586
1196,-23.5489433,-46.6388182
1197,-23.5489433,-46.6388182
1198,-6.2689913,106.8060388
1199,-6.2689913,106.8060388
1200,-6.2689913,106.8060388
1201,-6.2689913,106.8060388
1202,-6.2689913,106.8060388
1203,-6.2689913,106.8060388
1204,-23.5489433,-46.6388182
1205,-6.2689913,106.8060388
1206,39.978371,-86.1180435
1207,26.1420358,-81.7948103
1208,42.4250964,-71.066163
1209,33.3967829,-84.5957629
1210,-6.2689913,106.8060388
1211,-6.2689913,106.8060388
1212,26.7153424,-80.0533746
1213,-6.2689913,106.8060388
1214,-6.2689913,106.8060388
1215,42.3800212,-88.1042489
1216,38.9716689,-95.2352501
1217,41.6475306,-88.0895061
1218,40.65,-73.95
1219,33.414768,-111.9093095
1220,27.949436,-82.4651441
1221,37.3860517,-122.0838511
1222,32.4609764,-84.9877094
1223,37.566535,126.9779692
1224,47.610377,-122.2006786
1225,37.9746458,-122.5616448
1226,47.735928,-122.6465372
1227,-6.2689913,106.8060388
1228,-6.2689913,106.8060388
1229,-6.2689913,106.8060388
1230,-6.2689913,106.8060388
1231,40.65,-73.95
1232,-6.211544,106.845172
1233,37.7749295,-122.4194155
1234,39.0067768,-76.7791365
1235,40.65,-73.95
1236,52.3730556,4.8922222
1237,26.1420358,-81.7948103
1238,36.8612966,-76.2798893
1239,39.7061702,-84.2193849
1240,38.8695314,-77.4472495
1241,-6.2689913,106.8060388
1242,39.7391536,-104.9847034
1243,42.3584308,-71.0597732
1244,39.7391536,-104.9847034
1245,36.0956918,-79.4377991
1246,40.4774818,-104.9013617
1247,37.7749295,-122.4194155
1248,42.3584308,-71.0597732
1249,40.65,-73.95
1250,40.735657,-74.1723667
1251,37.4418834,-122.1430195
1252,43.16103,-77.6109219
1253,33.7489954,-84.3879824
1254,42.3584308,-71.0597732
1255,33.7455731,-117.8678338
1256,39.2998339,-75.6046494
1257,29.7030024,-98.1244531
1258,41.8781136,-87.6297982
1259,49.701703,-123.158772
1260,-6.2689913,106.8060388
1261,-6.2689913,106.8060388
1262,31.54505,74.340683
1263,40.4172871,-82.907123
1264,37.8361538,-87.5900134
1265,4.282457,117.914787
1266,-6.2689913,106.8060388
1267,47.355278,-123.099722
1268,40.65,-73.95
1269,29.7628844,-95.3830615
1270,40.7143528,-74.0059731
1271,43.6525,-79.3816667
1272,32.7153292,-117.1572551
1273,35.1168131,-80.7236804
1274,33.3528264,-111.789027
1275,33.7748275,-84.2963123
1276,40.65,-73.95
1277,43.0778615,-71.2767305
1278,44.9799654,-93.2638361
1279,39.1434406,-77.2013705
1280,50.8,3.8166667
1281,45.5398297,10.2229573
1282,41.8781136,-87.6297982
1283,35.6290093,-82.1806697
1284,40.4172871,-82.907123
1285,-6.2689913,106.8060388
1286,37.4418834,-122.1430195
1287,-6.2689913,106.8060388
1288,-6.2689913,106.8060388
1289,-6.2689913,106.8060388
1290,-6.2689913,106.8060388
1291,-6.2689913,106.8060388
1292,-6.2689913,106.8060388
1293,-6.2689913,106.8060388
1294,-6.2689913,106.8060388
1295,-6.2689913,106.8060388
1296,-6.2689913,106.8060388
1297,-6.2689913,106.8060388
1298,-6.2689913,106.8060388
1299,-6.2689913,106.8060388
1300,40.39295,-74.330035
1301,42.6405912,-84.5152545
1302,40.65,-73.95
1303,40.65,-73.95
1304,42.6827885,-89.0187222
1305,31.549333,-97.1466695
1306,33.8352932,-117.9145036
1307,36.8529263,-75.977985
1308,39.952335,-75.163789
1309,41.8781136,-87.6297982
1310,-6.2689913,106.8060388
1311,-6.2689913,106.8060388
1312,-6.2689913,106.8060388
1313,-6.211544,106.845172
1314,31.54505,74.340683
1315,-6.2689913,106.8060388
1316,-6.2689913,106.8060388
1317,39.9420625,-74.2043082
1318,40.740389,-73.983385
1319,41.9941938,-88.2922996
1320,40.7143528,-74.0059731
1321,42.8336205,-88.7323272
1322,42.8814034,-88.2067573
1323,29.6185669,-95.5377215
1324,43.0730517,-89.4012302
1325,25.9017472,-97.4974838
1326,25.9017472,-97.4974838
1327,43.0730517,-89.4012302
1328,36.114646,-115.172816
1329,40.4258686,-86.9080655
1330,37.3393857,-121.8949555
1331,-6.2689913,106.8060388
1332,43.0389025,-87.9064736
1333,-33.4253598,-70.5664659
1334,39.952335,-75.163789
1335,26.1420358,-81.7948103
1336,30.3321838,-81.655651
1337,38.8462236,-77.3063733
1338,32.981212,-117.078863
1339,33.1626193,-96.9375051
1340,40.65,-73.95
1341,37.36883,-122.0363496
1342,37.5629917,-122.3255254
1343,34.0775104,-117.6897776
1344,32.7153292,-117.1572551
1345,32.981212,-117.078863
1346,40.65,-73.95
1347,25.7889689,-80.2264393
1348,-6.2689913,106.8060388
1349,-6.2689913,106.8060388
1350,37.6087561,-77.3733139
1351,40.7143528,-74.0059731
1352,-6.211544,106.845172
1353,35.2827524,-120.6596156
1354,34.0522342,-118.2436849
1355,26.640628,-81.8723084
1356,39.952335,-75.163789
1357,-6.2689913,106.8060388
1358,-6.2689913,106.8060388
1359,-6.2689913,106.8060388
1360,42.3147436,-88.4487021
1361,35.2045328,-89.8739753
1362,42.1655801,-88.2942493
1363,53.7996388,-1.5491221
1364,40.65,-73.95
1365,-6.2689913,106.8060388
1366,-6.2689913,106.8060388
1367,-6.2689913,106.8060388
1368,41.4156025,-81.9234726
1369,40.7329606,-73.9884556
1370,-6.2689913,106.8060388
1371,37.542979,-77.469092
1372,37.542979,-77.469092
1373,37.542979,-77.469092
1374,38.9687213,-77.3410958
1375,-8.4095178,115.188916
1376,-6.2689913,106.8060388
1377,-6.2689913,106.8060388
1378,42.506484,-71.0728306
1379,40.0373914,-83.0005853
1380,42.1033585,-88.3728605
1381,-6.2689913,106.8060388
1382,-6.2689913,106.8060388
1383,29.8832749,-97.9413941
1384,40.740389,-73.983385
1385,-6.2689913,106.8060388
1386,39.613321,-105.0166498
1387,40.7143528,-74.0059731
1388,40.65,-73.95
1389,36.9741171,-122.0307963
1390,43.312458,-81.755897
1391,43.434311,-80.477747
1392,40.7998227,-73.6509622
1393,41.8781136,-87.6297982
1394,38.7044609,-93.2282613
1395,43.2264486,-78.0266826
1396,39.0839973,-77.1527578
1397,36.114646,-115.172816
1398,34.0489281,-111.0937311
1399,33.4355977,-112.3496021
1400,38.0317136,-84.4951359
1401,33.4483771,-112.0740373
1402,-6.2689913,106.8060388
1403,-6.2689913,106.8060388
1404,-6.2689913,106.8060388
1405,-6.2689913,106.8060388
1406,-6.2689913,106.8060388
1407,-6.2689913,106.8060388
1408,38.0317136,-84.4951359
1409,47.6062095,-122.3320708
1410,-6.2689913,106.8060388
1411,41.8781136,-87.6297982
1412,39.2903848,-76.6121893
1413,40.65,-73.95
1414,-6.2689913,106.8060388
1415,34.0522342,-118.2436849
1416,33.4017766,-86.954437
1417,33.6839473,-117.7946942
1418,42.2313564,-8.7124471
1419,40.65,-73.95
1420,40.65,-73.95
1421,40.65,-73.95
1422,45.411572,-75.698194
1423,34.1650972,-84.7999382
1424,33.5386523,-112.1859866
1425,32.7153292,-117.1572551
1426,40.65,-73.95
1427,32.87167,-96.14833
1428,-6.2689913,106.8060388
1429,-6.2689913,106.8060388
1430,33.5381601,-86.7072102
1431,36.778261,-119.4179324
1432,34.0522342,-118.2436849
1433,26.7153424,-80.0533746
1434,35.2270869,-80.8431267
1435,38.8951118,-77.0363658
1436,41.9164343,-83.3977101
1437,42.5333682,-83.1463166
1438,38.646991,-90.224967
1439,40.7607793,-111.8910474
1440,21.0619183,-100.4115983
1441,25.4600711,-100.984701
1442,37.629349,-122.400087
1443,37.4418834,-122.1430195
1444,29.7628844,-95.3830615
1445,37.5985468,-122.3871942
1446,42.1250995,-71.1022712
1447,-6.2689913,106.8060388
1448,-6.2689913,106.8060388
1449,-6.2689913,106.8060388
1450,-6.2689913,106.8060388
1451,-6.2689913,106.8060388
1452,-6.2689913,106.8060388
1453,-6.2689913,106.8060388
1454,39.629526,-79.9558968
1455,-6.2689913,106.8060388
1456,-6.2689913,106.8060388
1457,-6.2689913,106.8060388
1458,42.735384,-83.421104
1459,42.158333,-71.145278
1460,41.2333896,-80.44868
1461,40.7143528,-74.0059731
1462,37.542979,-77.469092
1463,37.542979,-77.469092
1464,-6.2689913,106.8060388
1465,-6.2689913,106.8060388
1466,-6.2689913,106.8060388
1467,-6.2689913,106.8060388
1468,-6.2689913,106.8060388
1469,-6.2689913,106.8060388
1470,-6.2689913,106.8060388
1471,-6.2689913,106.8060388
1472,-6.2689913,106.8060388
1473,35.772096,-78.6386145
1474,-6.2689913,106.8060388
1475,-6.2689913,106.8060388
1476,33.7489954,-84.3879824
1477,40.740389,-73.983385
1478,47.2528768,-122.4442906
1479,47.2042681,-121.9915003
1480,47.329264,-122.5801293
1481,-6.2689913,106.8060388
1482,-6.2689913,106.8060388
1483,-6.2689913,106.8060388
1484,-6.2689913,106.8060388
1485,-6.2689913,106.8060388
1486,-6.2689913,106.8060388
1487,-6.2689913,106.8060388
1488,-6.2689913,106.8060388
1489,-6.2689913,106.8060388
1490,-6.2689913,106.8060388
1491,43.0613889,-88.2494444
1492,39.0181651,-77.2085914
1493,41.096485,-73.9729162
1494,40.3641184,-111.73854
1495,33.7739053,-117.9414477
1496,40.740389,-73.983385
1497,40.7498243,-73.7976337
1498,40.65,-73.95
1499,37.7749295,-122.4194155
1500,33.7489954,-84.3879824
1501,40.7933949,-77.8600012
1502,35.6528323,-97.4780954
1503,29.7628844,-95.3830615
1504,47.8209301,-122.3151313
1505,33.4483771,-112.0740373
1506,39.7391536,-104.9847034
1507,36.114646,-115.172816
1508,51.989046,4.665364
1509,-6.2689913,106.8060388
1510,-6.2689913,106.8060388
1511,36.1658899,-86.7844432
1512,-6.2689913,106.8060388
1513,40.65,-73.95
1514,43.5901974,-70.3344921
1515,40.65,-73.95
1516,33.4941704,-111.9260519
1517,-6.2689913,106.8060388
1518,-6.2689913,106.8060388
1519,-6.2689913,106.8060388
1520,-6.2689913,106.8060388
1521,-6.2689913,106.8060388
1522,34.3664951,-89.5192484
1523,37.629349,-122.400087
1524,27.7730556,-82.64
1525,-6.2689913,106.8060388
1526,-6.2689913,106.8060388
1527,40.7143528,-74.0059731
1528,40.740389,-73.983385
1529,40.65,-73.95
1530,25.8575963,-80.2781057
1531,29.9647222,-90.0705556
1532,41.8781136,-87.6297982
1533,41.1131514,-74.0437521
1534,-6.2689913,106.8060388
1535,35.2687266,-99.634135
1536,40.65,-73.95
1537,39.6478321,-84.5271711
1538,38.490327,-89.793154
1539,38.6275278,-92.5665786
1540,12.9715987,77.5945627
1541,40.65,-73.95
1542,-6.2689913,106.8060388
1543,-6.2689913,106.8060388
1544,41.4828144,-87.3328139
1545,44.9799654,-93.2638361
1546,34.0519548,-118.0467339
1547,33.952602,-84.5499327
1548,34.9704419,-78.9453056
1549,39.9205411,-105.0866504
1550,43.0481221,-76.1474244
1551,-6.2689913,106.8060388
1552,19.287867,-99.646761
1553,40.7143528,-74.0059731
1554,39.9611755,-82.9987942
1555,2.718592,101.9489879
1556,40.3606653,-74.0381947
1557,40.2903891,-74.0176381
1558,-6.2689913,106.8060388
1559,5.2632341,100.4846227
1560,40.65,-73.95
1561,41.9941938,-88.2922996
1562,41.8781136,-87.6297982
1563,40.65,-73.95
1564,40.7303434,-80.3100627
1565,42.6583661,-83.1499322
1566,35.1595182,-84.8766115
1567,37.7749295,-122.4194155
1568,41.2814842,-73.4981792
1569,35.9828412,-86.5186045
1570,42.8864468,-78.8783689
1571,40.7003793,-73.5929056
1572,37.6390972,-120.9968782
1573,33.6411316,-117.9186689
1574,33.6839473,-117.7946942
1575,-6.2689913,106.8060388
1576,37.8590937,-122.4852507
1577,-6.2689913,106.8060388
1578,30.444112,-84.289633
1579,40.7143528,-74.0059731
1580,13.7018309,100.5236358
1581,40.2778478,-80.0839431
1582,45.4206749,-122.6706498
1583,42.2139284,-83.1938147
1584,32.7153292,-117.1572551
1585,45.8594444,-122.8169444
1586,45.5234515,-122.6762071
1587,34.3664951,-89.5192484
1588,-33.416667,-70.583333
1589,37.3393857,-121.8949555
1590,38.0317136,-84.4951359
1591,41.5278273,-85.6944329
1592,40.669519,-73.936027
1593,42.3764852,-71.2356113
1594,42.3584308,-71.0597732
1595,36.08167,-84.05389
1596,-6.2689913,106.8060388
1597,-6.2689913,106.8060388
1598,41.8781136,-87.6297982
1599,34.3664951,-89.5192484
1600,38.0317136,-84.4951359
1601,-8.4095178,115.188916
1602,40.65,-73.95
1603,40.65,-73.95
1604,33.660297,-117.9992265
1605,40.2142565,-77.0085876
1606,32.7153292,-117.1572551
1607,32.5631924,-97.1416768
1608,29.7628844,-95.3830615
1609,41.254006,-95.999258
1610,32.725409,-97.3208496
1611,32.725409,-97.3208496
1612,39.9348351,-75.0307264
1613,39.9508733,-86.261937
1614,37.3649613,-115.1644614
1615,33.3061605,-111.8412502
1616,40.0892746,-75.3960211
1617,40.740389,-73.983385
1618,38.7741811,-93.4252099
1619,40.65,-73.95
1620,38.6967833,-76.8477485
1621,38.882334,-77.1710914
1622,40.8020431,-72.8409359
1623,41.7637111,-72.6850932
1624,33.9908445,-118.4600787
1625,38.5449065,-121.7405167
1626,41.8781136,-87.6297982
1627,40.65,-73.95
1628,35.9606384,-83.9207392
1629,31.54505,74.340683
1630,40.0570411,-76.5521882
1631,39.0348317,-76.9074739
1632,43.5867164,-116.1956556
1633,37.5296593,-122.0402399
1634,37.654656,-122.4077498
1635,40.4406248,-79.9958864
1636,40.7143528,-74.0059731
1637,41.4901024,-71.3128285
1638,27.949436,-82.4651441
1639,42.3928151,-83.0496438
1640,42.4072107,-71.3824374
1641,22.396428,114.109497
1642,40.7143528,-74.0059731
1643,40.7143528,-74.0059731
1644,40.65,-73.95
1645,27.949436,-82.4651441
1646,42.3222599,-83.1763145
1647,43.4609602,-3.8079336
1648,41.8781136,-87.6297982
1649,43.100903,-75.232664
1650,33.8175173,-6.2375947
1651,37.7749295,-122.4194155
1652,51.5081289,-0.128005
1653,39.9205411,-105.0866504
1654,41.9267591,-73.9126354
1655,39.952335,-75.163789
1656,40.65,-73.95
1657,34.7464809,-92.2895948
1658,41.1595399,-73.764855
1659,39.952335,-75.163789
1660,-6.2689913,106.8060388
1661,42.1250995,-71.1022712
1662,27.2758333,-80.355
1663,39.9606643,-75.6054882
1664,13.78,100.5427778
1665,48.3654574,10.8947684
1666,-37.8131869,144.9629796
1667,14.0033913,100.6647101
1668,36.7477272,-119.7723661
1669,39.9606643,-75.6054882
1670,40.65,-73.95
1671,42.8864468,-78.8783689
1672,47.6062095,-122.3320708
1673,33.6305938,-112.333216
1674,38.6175522,-90.3492829
1675,38.9906657,-77.026088
1676,40.65,-73.95
1677,40.65,-73.95
1678,33.4483771,-112.0740373
1679,42.5159145,-73.6101159
1680,40.74864,-73.186858
1681,42.2047619,-83.4852133
1682,33.414768,-111.9093095
1683,35.86166,104.195397
1684,40.376322,116.842992
1685,40.7989473,-81.378447
1686,34.0522342,-118.2436849
1687,34.0522342,-118.2436849
1688,40.7143528,-74.0059731
1689,47.639722,-122.827222
1690,26.2445263,-80.206436
1691,47.6062095,-122.3320708
1692,29.7628844,-95.3830615
1693,30.267153,-97.7430608
1694,30.080174,-94.1265562
1695,40.7859331,-74.7801645
1696,40.65,-73.95
1697,40.8478065,-74.5747248
1698,35.1495343,-90.0489801
1699,40.883988,-74.5621025
1700,34.2257255,-77.9447102
1701,40.715972,-74.001437
1702,39.0416718,-94.7202376
1703,36.0625795,-94.1574263
1704,38.3277778,-122.7091667
1705,45.159091,-92.96303
1706,-6.211544,106.845172
1707,-6.211544,106.845172
1708,-6.9147444,107.6098111
1709,-6.211544,106.845172
1710,-6.2689913,106.8060388
1711,-6.2689913,106.8060388
1712,-6.2689913,106.8060388
1713,40.3697905,-80.6339638
1714,38.980666,-76.9369189
1715,37.7749295,-122.4194155
1716,39.449556,-75.7163207
1717,40.7143528,-74.0059731
1718,40.7143528,-74.0059731
1719,33.800745,-84.41052
1720,40.7498243,-73.7976337
1721,33.8883487,-118.3089624
1722,29.7628844,-95.3830615
1723,40.7143528,-74.0059731
1724,40.1261743,-82.9290696
1725,22.396428,114.109497
1726,-23.5489433,-46.6388182
1727,-6.2689913,106.8060388
1728,51.5001524,-0.1262362
1729,1.352083,103.819836
1730,55.378051,-3.435973
1731,30.267153,-97.7430608
1732,33.9608461,-117.9506186
1733,40.0373914,-83.0005853
1734,39.952335,-75.163789
1735,42.2119684,-88.2381381
1736,37.665978,-77.5063739
1737,38.9822282,-94.6707917
1738,-23.694444,-46.5654482
1739,-6.2689913,106.8060388
1740,-6.2689913,106.8060388
1741,-6.2689913,106.8060388
1742,40.65,-73.95
1743,40.65,-73.95
1744,-6.2689913,106.8060388
1745,-6.2689913,106.8060388
1746,42.8247524,-83.2646624
1747,41.7858629,-88.1472893
1748,42.6375935,-70.9494966
1749,47.6062095,-122.3320708
1750,-6.2689913,106.8060388
1751,-6.2689913,106.8060388
1752,-6.2689913,106.8060388
1753,-6.2689913,106.8060388
1754,-6.2689913,106.8060388
1755,33.414768,-111.9093095
1756,38.0317136,-84.4951359
1757,37.7749295,-122.4194155
1758,-6.2689913,106.8060388
1759,-6.2689913,106.8060388
1760,-6.2689913,106.8060388
1761,-6.2689913,106.8060388
1762,-6.2689913,106.8060388
1763,-6.2689913,106.8060388
1764,-6.2689913,106.8060388
1765,-6.2689913,106.8060388
1766,-6.2689913,106.8060388
1767,-6.2689913,106.8060388
1768,25.7889689,-80.2264393
1769,40.1053196,-85.6802541
1770,36.1961664,-86.6224959
1771,-6.2689913,106.8060388
1772,45.5234515,-122.6762071
1773,33.800745,-84.41052
1774,-6.2689913,106.8060388
1775,-6.2689913,106.8060388
1776,42.5236111,-92.4463889
1777,40.4580556,-80.1283333
1778,37.9735346,-122.5310874
1779,33.800745,-84.41052
1780,33.952602,-84.5499327
1781,35.9606384,-83.9207392
1782,-6.2689913,106.8060388
1783,-6.2689913,106.8060388
1784,40.7143528,-74.0059731
1785,42.1292241,-80.085059
1786,39.952335,-75.163789
1787,40.5792701,-74.4115401
1788,40.7143528,-74.0059731
1789,40.7143528,-74.0059731
1790,60.3929937,5.3241774
1791,31.230393,121.473704
1792,40.7143528,-74.0059731
1793,-23.5489433,-46.6388182
1794,40.7143528,-74.0059731
1795,40.65,-73.95
1796,33.7514966,-84.7477136
1797,-6.2689913,106.8060388
1798,40.7143528,-74.0059731
1799,43.3197265,-87.9534226
1800,34.0007104,-81.0348144
1801,-6.2689913,106.8060388
1802,-6.2689913,106.8060388
1803,40.7143528,-74.0059731
1804,40.7143528,-74.0059731
1805,40.7143528,-74.0059731
1806,-6.2689913,106.8060388
1807,40.715972,-74.001437
1808,42.3726399,-71.1096528
1809,30.4393696,-97.6200043
1810,40.7498243,-73.7976337
1811,40.65,-73.95
1812,40.6856456,-76.195499
1813,37.4315734,-78.6568942
1814,45.0791325,-93.1471667
1815,41.8781136,-87.6297982
1816,48.801408,2.130122
1817,38.2493581,-122.0399663
1818,-6.2689913,106.8060388
1819,-6.2689913,106.8060388
1820,15.870032,100.992541
1821,41.525031,-88.0817251
1822,38.3565773,-121.9877444
1823,37.8043722,-122.2708026
1824,38.2544472,-104.6091409
1825,39.7391536,-104.9847034
1826,40.7143528,-74.0059731
1827,45.411572,-75.698194
1828,-15.7801482,-47.9291698
1829,45.411572,-75.698194
1830,40.740389,-73.983385
1831,-14.235004,-51.92528
1832,37.4282724,-121.9066238
1833,32.7153292,-117.1572551
1834,-6.2689913,106.8060388
1835,-6.2689913,106.8060388
1836,46.9420431,-122.6059582
1837,51.5001524,-0.1262362
1838,37.5202145,-122.2758008
1839,34.4212052,-84.1190804
1840,32.4315813,-80.6698286
1841,33.9887165,-83.8979573
1842,30.1127004,-85.2004716
1843,28.2919557,-81.407571
1844,27.9658533,-82.8001026
1845,30.1588129,-85.6602058
1846,36.0998596,-80.244216
1847,32.1574351,-82.907123
1848,33.7489954,-84.3879824
1849,40.715972,-74.001437
1850,33.6411316,-117.9186689
1851,40.732312,-74.003084
1852,34.6452645,-118.2181308
1853,42.3222599,-83.1763145
1854,40.5184013,-80.1667247
1855,51.5001524,-0.1262362
1856,40.4406248,-79.9958864
1857,-6.2689913,106.8060388
1858,34.0194543,-118.4911912
1859,34.0489281,-111.0937311
1860,33.4483771,-112.0740373
1861,-6.2689913,106.8060388
1862,-6.2689913,106.8060388
1863,-6.2689913,106.8060388
1864,-6.2689913,106.8060388
1865,-6.2689913,106.8060388
1866,-6.2689913,106.8060388
1867,-6.2689913,106.8060388
1868,-6.2689913,106.8060388
1869,47.1301417,-119.2780771
1870,38.4021359,-122.8238806
1871,42.3459271,-71.5522874
1872,-0.3012262,36.5229641
1873,25.790654,-80.1300455
1874,42.3584308,-71.0597732
1875,-6.2689913,106.8060388
1876,-6.2689913,106.8060388
1877,-6.2689913,106.8060388
1878,-6.2689913,106.8060388
1879,-6.2689913,106.8060388
1880,-6.2689913,106.8060388
1881,-6.2689913,106.8060388
1882,-6.2689913,106.8060388
1883,-6.2689913,106.8060388
1884,-6.2689913,106.8060388
1885,43.1788967,-88.1173132
1886,42.5629668,-114.4608711
1887,33.5958333,-117.5877778
1888,33.954737,-118.2120161
1889,40.7143528,-74.0059731
1890,34.2643067,-118.4396756
1891,40.65,-73.95
1892,32.802955,-96.769923
1893,39.8433769,-86.3977735
1894,33.4222685,-111.8226402
1895,-6.2689913,106.8060388
1896,39.613321,-105.0166498
1897,42.6055893,-83.1499304
1898,42.3584308,-71.0597732
1899,38.646991,-90.224967
1900,                    ,                    
1901,33.7489954,-84.3879824
1902,33.414768,-111.9093095
1903,40.4406248,-79.9958864
1904,47.6062095,-122.3320708
1905,13.8620612,100.6252859
1906,13.7018309,100.5236358
1907,42.8864468,-78.8783689
1908,-6.2689913,106.8060388
1909,-6.2689913,106.8060388
1910,-6.2689913,106.8060388
1911,-6.2689913,106.8060388
1912,13.8620612,100.6252859
1913,33.800745,-84.41052
1914,35.9606384,-83.9207392
1915,34.0286226,-117.8103367
1916,33.800745,-84.41052
1917,39.7391536,-104.9847034
1918,-6.2689913,106.8060388
1919,-6.2689913,106.8060388
1920,-6.2689913,106.8060388
1921,-6.2689913,106.8060388
1922,42.6827885,-89.0187222
1923,29.1438582,-95.6452249
1924,30.267153,-97.7430608
1925,-33.4253598,-70.5664659
1926,-33.4253598,-70.5664659
1927,40.7143528,-74.0059731
1928,40.7143528,-74.0059731
1929,27.9094665,-82.7873244
1930,40.65,-73.95
1931,40.199814,-76.7310806
1932,40.7143528,-74.0059731
1933,40.7143528,-74.0059731
1934,47.1273723,-118.3799751
1935,47.6062095,-122.3320708
1936,40.65,-73.95
1937,47.9789848,-122.2020794
1938,39.4695489,-76.8294213
1939,38.9695545,-77.3860976
1940,32.7153292,-117.1572551
1941,37.629349,-122.400087
1942,42.3584308,-71.0597732
1943,35.2013516,-111.639249
1944,29.6185669,-95.5377215
1945,-6.2689913,106.8060388
1946,-6.2689913,106.8060388
1947,-6.2689913,106.8060388
1948,-6.2689913,106.8060388
1949,-6.2689913,106.8060388
1950,-6.2689913,106.8060388
1951,-6.2689913,106.8060388
1952,-6.2689913,106.8060388
1953,-6.5658072,106.7408075
1954,33.7748275,-84.2963123
1955,47.6062095,-122.3320708
1956,-33.4253598,-70.5664659
1957,-34.1620308,-70.7410124
1958,32.9312336,-96.4597089
1959,32.802955,-96.769923
1960,49.248523,-123.1088
1961,40.9253763,-74.2765368
1962,40.7143528,-74.0059731
1963,40.65,-73.95
1964,40.65,-73.95
1965,50.8365808,4.308187
1966,40.65,-73.95
1967,40.7143528,-74.0059731
1968,33.7489954,-84.3879824
1969,40.7143528,-74.0059731
1970,20.67359,-103.343803
1971,40.65,-73.95
1972,33.4483771,-112.0740373
1973,40.65,-73.95
1974,42.2695387,-71.6161777
1975,38.2526647,-85.7584557
1976,13.7227778,100.4763889
1977,13.8620612,100.6252859
1978,15.870032,100.992541
1979,40.65,-73.95
1980,52.5234051,13.4113999
1981,47.6062095,-122.3320708
1982,39.203,-76.857981
1983,44.983334,-93.26667
1984,29.5957696,-90.7195348
1985,38.7934466,-77.2716505
1986,25.091075,121.5598345
1987,37.3393857,-121.8949555
1988,34.0522342,-118.2436849
1989,33.3061605,-111.8412502
1990,33.4483771,-112.0740373
1991,30.7621326,-86.5705084
1992,40.7143528,-74.0059731
1993,38.8799697,-77.1067698
1994,41.8781136,-87.6297982
1995,40.7143528,-74.0059731
1996,40.65,-73.95
1997,-6.2689913,106.8060388
1998,-6.2689913,106.8060388
1999,-6.2689913,106.8060388
2000,-6.2689913,106.8060388
2001,-6.2689913,106.8060388
2002,33.2867851,-84.7677111
2003,34.1321631,-84.300666
2004,33.7489954,-84.3879824
2005,39.3092743,-76.474962
2006,40.4258686,-86.9080655
2007,34.0231553,-84.3615928
2008,39.6402638,-106.3741955
2009,3.139003,101.686855
2010,3.139003,101.686855
2011,38.8951118,-77.0363658
2012,40.0373914,-83.0005853
2013,38.8951118,-77.0363658
2014,38.4220694,-77.4083162
2015,37.4315734,-78.6568942
2016,40.7143528,-74.0059731
2017,41.7605849,-88.3200715
2018,42.3584308,-71.0597732
2019,38.8951118,-77.0363658
2020,34.0522342,-118.2436849
2021,40.65,-73.95
2022,-6.2689913,106.8060388
2023,-6.2689913,106.8060388
2024,-6.2689913,106.8060388
2025,42.3584308,-71.0597732
2026,40.4406248,-79.9958864
2027,35.772096,-78.6386145
2028,32.802955,-96.769923
2029,47.6062095,-122.3320708
2030,29.6185669,-95.5377215
2031,40.65,-73.95
2032,-6.2689913,106.8060388
2033,-6.2689913,106.8060388
2034,-6.2689913,106.8060388
2035,-6.2689913,106.8060388
2036,-6.2689913,106.8060388
2037,38.8951118,-77.0363658
2038,42.7875235,-86.1089301
2039,33.800745,-84.41052
2040,40.1164204,-88.2433829
2041,-6.2689913,106.8060388
2042,39.9611755,-82.9987942
2043,-7.11532,-34.8610512
2044,41.8781136,-87.6297982
2045,33.952602,-84.5499327
2046,-6.2689913,106.8060388
2047,-6.2689913,106.8060388
2048,-6.2689913,106.8060388
2049,-6.2689913,106.8060388
2050,40.740389,-73.983385
2051,34.1954001,-82.1617883
2052,33.4269728,-117.6119925
2053,32.060255,118.796877
2054,35.0844909,-106.6511367
2055,55.7285189,37.6404302
2056,34.9888579,137.0019569
2057,-6.2689913,106.8060388
2058,-6.2689913,106.8060388
2059,-6.2689913,106.8060388
2060,-6.2689913,106.8060388
2061,-6.2689913,106.8060388
2062,-6.2689913,106.8060388
2063,-6.2689913,106.8060388
2064,-6.2689913,106.8060388
2065,40.7143528,-74.0059731
2066,13.8097222,100.5372222
2067,15.870032,100.992541
2068,13.8620612,100.6252859
2069,60.169845,24.9385508
2070,41.3556539,-72.0995209
2071,43.1200272,-85.5600316
2072,13.6476945,100.4947259
2073,42.539202,-82.9493652
2074,35.772096,-78.6386145
2075,-6.2689913,106.8060388
2076,-6.2689913,106.8060388
2077,40.5187154,-74.4120953
2078,40.7143528,-74.0059731
2079,-22.21274,-49.6603696
2080,-6.2689913,106.8060388
2081,-6.2689913,106.8060388
2082,-6.2689913,106.8060388
2083,-6.2689913,106.8060388
2084,37.424106,-122.1660756
2085,45.2650549,-72.146745
2086,-6.2689913,106.8060388
2087,38.4021359,-122.8238806
2088,-6.2689913,106.8060388
2089,-6.2689913,106.8060388
2090,-6.2689913,106.8060388
2091,-6.2689913,106.8060388
2092,-6.2689913,106.8060388
2093,-6.2689913,106.8060388
2094,-6.2689913,106.8060388
2095,-6.2689913,106.8060388
2096,-6.2689913,106.8060388
2097,40.65,-73.95
2098,32.7765656,-79.9309216
2099,43.16103,-77.6109219
2100,32.802955,-96.769923
2101,36.4220207,-94.4535484
2102,32.7765656,-79.9309216
2103,40.4406248,-79.9958864
2104,40.8256561,-73.6981858
2105,-6.2689913,106.8060388
2106,-6.2689913,106.8060388
2107,-6.2689913,106.8060388
2108,-6.2689913,106.8060388
2109,-6.2689913,106.8060388
2110,-6.2689913,106.8060388
2111,40.65,-73.95
2112,42.5159145,-73.6101159
2113,43.0166806,-88.0070315
2114,33.4473361,-84.1468616
2115,27.8397466,-82.7912134
2116,28.6122187,-80.8075537
2117,33.6114269,-112.4271084
2118,25.7889689,-80.2264393
2119,35.4873613,-80.6217341
2120,40.65,-73.95
2121,33.4483771,-112.0740373
2122,-6.2689913,106.8060388
2123,40.65,-73.95
2124,40.7384317,-73.0506656
2125,40.7764882,-73.4673454
2126,-6.2689913,106.8060388
2127,-6.2689913,106.8060388
2128,42.3584308,-71.0597732
2129,40.715972,-74.001437
2130,33.800745,-84.41052
2131,34.0028786,-84.1446376
2132,26.7056206,-80.0364297
2133,35.9940329,-78.898619
2134,40.4849769,-106.8317158
2135,40.65,-73.95
2136,41.6612104,-72.7795419
2137,38.8048355,-77.0469214
2138,40.7143528,-74.0059731
2139,39.6292788,-75.6582628
2140,25.7889689,-80.2264393
2141,32.8342952,-97.2289029
2142,41.8781136,-87.6297982
2143,30.267153,-97.7430608
2144,29.4241219,-98.4936282
2145,41.1417622,-74.310706
2146,38.5998806,-77.0746116
2147,28.3252878,-81.5331286
2148,33.9791793,-118.032844
2149,33.414768,-111.9093095
2150,37.3541079,-121.9552356
2151,33.414768,-111.9093095
2152,45.5234515,-122.6762071
2153,51.2364188,-0.5702912
2154,39.1714288,-87.6391922
2155,21.3169,-158.013199
2156,34.0522342,-118.2436849
2157,42.2702588,-94.5485865
2158,41.7605849,-88.3200715
2159,36.114646,-115.172816
2160,30.5476941,-88.1752796
2161,41.4561111,-70.6111111
2162,40.7143528,-74.0059731
2163,34.0900091,-118.3617443
2164,21.3972222,-157.9733333
2165,21.3991985,-157.9484715
2166,25.9420377,-80.2456045
2167,42.3369816,-83.2732627
2168,43.2264486,-78.0266826
2169,49.248523,-123.1088
2170,40.7143528,-74.0059731
2171,40.6548253,-73.6717969
2172,22.396428,114.109497
2173,32.802955,-96.769923
2174,37.3393857,-121.8949555
2175,40.65,-73.95
2176,37.3393857,-121.8949555
2177,35.772096,-78.6386145
2178,40.65,-73.95
2179,46.2856907,-119.2844621
2180,39.8433769,-86.3977735
2181,40.3101063,-75.1298939
2182,42.3584308,-71.0597732
2183,39.5069974,-84.745231
2184,29.7628844,-95.3830615
2185,32.9342919,-97.0780654
2186,36.114646,-115.172816
2187,36.0395247,-114.9817213
2188,33.7489954,-84.3879824
2189,41.4958665,-87.8486613
2190,35.6869752,-105.937799
2191,34.1442616,-118.0019482
2192,41.817807,-88.1734021
2193,43.661471,-70.2553259
2194,33.3061605,-111.8412502
2195,41.1134289,-74.2454254
2196,40.7143528,-74.0059731
2197,42.333355,-88.2667534
2198,42.4072107,-71.3824374
2199,41.254006,-95.999258
2200,29.7628844,-95.3830615
2201,40.7143528,-74.0059731
2202,38.0317136,-84.4951359
2203,33.9752778,-117.7230556
2204,15.870032,100.992541
2205,13.8019444,100.3216667
2206,32.802955,-96.769923
2207,13.692298,100.7506969
2208,40.7933949,-77.8600012
2209,40.7143528,-74.0059731
2210,32.802955,-96.769923
2211,36.114646,-115.172816
2212,33.7489954,-84.3879824
2213,39.952335,-75.163789
2214,-1.265386,116.8312
2215,40.0583238,-74.4056612
2216,39.0997265,-94.5785667
2217,-34.1977911,142.0841643
2218,41.8897519,-87.9889543
2219,40.65,-73.95
2220,41.8781136,-87.6297982
2221,28.5383355,-81.3792365
2222,40.7143528,-74.0059731
2223,38.4783198,-107.8761738
2224,29.7628844,-95.3830615
2225,42.4605917,-83.1346478
2226,32.9342919,-97.0780654
2227,27.8964147,-81.8431374
2228,51.4977292,-0.0797177
2229,28.5383355,-81.3792365
2230,32.735687,-97.1080656
2231,40.7498243,-73.7976337
2232,40.0249667,-75.2829046
2233,39.952335,-75.163789
2234,36.114646,-115.172816
2235,34.8662005,-92.1101458
2236,40.7143528,-74.0059731
2237,36.114646,-115.172816
2238,29.7857853,-95.8243956
2239,40.9750568,-81.4081673
2240,40.6184354,-74.7443289
2241,-6.211544,106.845172
2242,-33.4253598,-70.5664659
2243,41.8781136,-87.6297982
2244,41.8781136,-87.6297982
2245,32.2217429,-110.926479
2246,33.3061605,-111.8412502
2247,33.7414064,-118.1047866
2248,13.7018309,100.5236358
2249,34.7464809,-92.2895948
2250,13.8620612,100.6252859
2251,25.371929,55.410622
2252,38.3220633,-75.6202029
2253,15.870032,100.992541
2254,12.6839855,101.2756399
2255,14.6333333,121.0333333
2256,37.7749295,-122.4194155
2257,40.65,-73.95
2258,40.65,-73.95
2259,-6.2689913,106.8060388
2260,-6.2689913,106.8060388
2261,37.4538274,-122.1821871
2262,37.9735346,-122.5310874
2263,40.7143528,-74.0059731
2264,-6.2689913,106.8060388
2265,-6.2689913,106.8060388
2266,37.5482697,-121.9885719
2267,40.7143528,-74.0059731
2268,54.6196009,8.9657382
2269,40.7143528,-74.0059731
2270,40.7325997,-73.4454009
2271,37.9735346,-122.5310874
2272,40.8256536,-73.2026138
2273,40.6867667,-73.3734547
2274,40.7143528,-74.0059731
2275,44.519159,-88.019826
2276,39.7391536,-104.9847034
2277,35.4675602,-97.5164276
2278,37.8715926,-122.272747
2279,40.7143528,-74.0059731
2280,35.4675602,-97.5164276
2281,41.5647575,-87.538931
2282,-6.2689913,106.8060388
2283,40.65,-73.95
2284,40.7143528,-74.0059731
2285,29.7628844,-95.3830615
2286,-6.2689913,106.8060388
2287,40.7143528,-74.0059731
2288,42.0111412,-87.8406192
2289,38.3536111,-76.4366667
2290,33.4483771,-112.0740373
2291,39.449556,-75.7163207
2292,33.4473361,-84.1468616
2293,39.203,-76.857981
2294,40.65,-73.95
2295,40.65,-73.95
2296,-6.2689913,106.8060388
2297,-6.2689913,106.8060388
2298,-6.2689913,106.8060388
2299,-6.2689913,106.8060388
2300,-6.2689913,106.8060388
2301,-6.2689913,106.8060388
2302,-6.2689913,106.8060388
2303,-6.2689913,106.8060388
2304,-6.2689913,106.8060388
2305,-6.2689913,106.8060388
2306,31.1171194,-97.7277959
2307,39.0457549,-76.6412712
2308,40.0992294,-83.1140771
2309,33.6890603,-78.8866943
2310,33.7825194,-117.2286478
2311,36.114646,-115.172816
2312,33.414768,-111.9093095
2313,-6.2689913,106.8060388
2314,40.65,-73.95
2315,47.6062095,-122.3320708
2316,47.6062095,-122.3320708
2317,47.257222,-122.757222
2318,51.5001524,-0.1262362
2319,40.7143528,-74.0059731
2320,40.65,-73.95
2321,41.5455556,-71.2913889
2322,30.6943566,-88.0430541
2323,42.2708716,-83.7263294
2324,33.952602,-84.5499327
2325,40.7143528,-74.0059731
2326,29.5293998,-95.2010447
2327,32.7153292,-117.1572551
2328,39.629526,-79.9558968
2329,28.6988853,-81.3081226
2330,40.7143528,-74.0059731
2331,36.114646,-115.172816
2332,33.4483771,-112.0740373
2333,47.6062095,-122.3320708
2334,33.4483771,-112.0740373
2335,33.4483771,-112.0740373
2336,34.0489281,-111.0937311
2337,33.1803645,-111.57664
2338,35.1495343,-90.0489801
2339,-6.2689913,106.8060388
2340,-6.2689913,106.8060388
2341,-6.2689913,106.8060388
2342,35.1495343,-90.0489801
2343,35.1495343,-90.0489801
2344,42.3764852,-71.2356113
2345,38.8951118,-77.0363658
2346,42.5868882,-82.9195514
2347,40.65,-73.95
2348,42.1285378,-83.2827093
2349,27.949436,-82.4651441
2350,33.4941704,-111.9260519
2351,45.5234515,-122.6762071
2352,34.0753762,-84.2940899
2353,47.4828776,-122.2170661
2354,24.4666667,54.3666667
2355,52.3730556,4.8922222
2356,-6.2689913,106.8060388
2357,47.6062095,-122.3320708
2358,40.7143528,-74.0059731
2359,40.7143528,-74.0059731
2360,-6.2689913,106.8060388
2361,-6.2689913,106.8060388
2362,-6.2689913,106.8060388
2363,32.9628232,-117.0358646
2364,40.7143528,-74.0059731
2365,42.6875323,-83.2341028
2366,42.8715286,-110.0724182
2367,32.725409,-97.3208496
2368,-6.2689913,106.8060388
2369,37.8043722,-122.2708026
2370,30.267153,-97.7430608
2371,38.5815719,-121.4943996
2372,41.9294736,-88.7503647
2373,38.5804609,-121.530234
2374,-6.2689913,106.8060388
2375,-6.2689913,106.8060388
2376,-6.2689913,106.8060388
2377,-6.2689913,106.8060388
2378,-6.2689913,106.8060388
2379,41.8781136,-87.6297982
2380,-6.2689913,106.8060388
2381,40.7329606,-73.9884556
2382,-6.2689913,106.8060388
2383,-6.2689913,106.8060388
2384,-6.2689913,106.8060388
2385,-6.2689913,106.8060388
2386,40.740389,-73.983385
2387,39.9611755,-82.9987942
2388,-6.2689913,106.8060388
2389,-6.2689913,106.8060388
2390,-6.2689913,106.8060388
2391,-6.2689913,106.8060388
2392,34.1650972,-84.7999382
2393,30.267153,-97.7430608
2394,34.9553719,-90.0348139
2395,28.0394654,-81.9498042
2396,40.65,-73.95
2397,40.65,-73.95
2398,42.1969689,-88.0934108
2399,32.7153292,-117.1572551
2400,40.65,-73.95
2401,42.979398,-81.246138
2402,22.396428,114.109497
2403,-2.924714,104.850318
2404,35.772096,-78.6386145
2405,45.954364,-66.645619
2406,-6.211544,106.845172
2407,37.566535,126.9779692
2408,40.740389,-73.983385
2409,37.566535,126.9779692
2410,-26.2044444,28.0455556
2411,-33.4253598,-70.5664659
2412,44.437711,26.097367
2413,41.9026569,12.4025065
2414,42.5847425,-87.8211854
2415,37.36883,-122.0363496
2416,34.1477849,-118.1445155
2417,40.7143528,-74.0059731
2418,40.7143528,-74.0059731
2419,                    ,                    
2420,41.9026569,12.4025065
2421,32.2217429,-110.926479
2422,-6.2689913,106.8060388
2423,-6.2689913,106.8060388
2424,27.3364347,-82.5306527
2425,18.0099289,-76.8001823
2426,41.3805556,-81.9213889
2427,29.7628844,-95.3830615
2428,40.7143528,-74.0059731
2429,40.7143528,-74.0059731
2430,34.0194543,-118.4911912
2431,29.7628844,-95.3830615
2432,30.3582506,-90.0656311
2433,25.7889689,-80.2264393
2434,29.7628844,-95.3830615
2435,37.5985468,-122.3871942
2436,45.4279439,-75.71114
2437,-6.2689913,106.8060388
2438,33.4941704,-111.9260519
2439,47.6062095,-122.3320708
2440,34.0900091,-118.3617443
2441,33.9802893,-118.4517449
2442,40.7281575,-74.0776417
2443,47.6062095,-122.3320708
2444,40.0583238,-74.4056612
2445,39.0398314,-77.0552555
2446,40.7143528,-74.0059731
2447,-6.2689913,106.8060388
2448,-6.2689913,106.8060388
2449,-6.2689913,106.8060388
2450,-6.2689913,106.8060388
2451,40.7143528,-74.0059731
2452,30.6943566,-88.0430541
2453,38.8462236,-77.3063733
2454,45.0787251,-123.4859417
2455,47.57,-122.6525
2456,30.267153,-97.7430608
2457,40.792567,-74.02577
2458,40.4406248,-79.9958864
2459,-37.9056598,145.0043117
2460,-33.924788,18.429916
2461,33.4483771,-112.0740373
2462,-6.2689913,106.8060388
2463,-6.2689913,106.8060388
2464,-6.2689913,106.8060388
2465,-6.2689913,106.8060388
2466,-6.2689913,106.8060388
2467,35.772096,-78.6386145
2468,41.2381,-85.8530469
2469,42.3758708,-82.9374159
2470,40.740389,-73.983385
2471,32.8546197,-79.9748103
2472,-6.2689913,106.8060388
2473,-6.2689913,106.8060388
2474,-6.2689913,106.8060388
2475,-6.2689913,106.8060388
2476,-6.2689913,106.8060388
2477,41.8781136,-87.6297982
2478,41.8781136,-87.6297982
2479,-33.8746051,151.0940251
2480,41.8781136,-87.6297982
2481,26.1223084,-80.1433786
2482,40.740389,-73.983385
2483,45.0105194,-93.4555093
2484,41.8781136,-87.6297982
2485,-6.2689913,106.8060388
2486,-6.2689913,106.8060388
2487,-6.2689913,106.8060388
2488,-6.2689913,106.8060388
2489,37.6624312,-121.8746789
2490,40.65,-73.95
2491,32.699634,35.303548
2492,40.0500782,-78.9983591
2493,39.629526,-79.9558968
2494,41.4994954,-81.6954088
2495,41.1572686,-85.4883127
2496,55.7285189,37.6404302
2497,33.6890603,-78.8866943
2498,34.0514898,-84.0712997
2499,40.7143528,-74.0059731
2500,39.5069974,-84.745231
2501,-6.2689913,106.8060388
2502,40.3245138,-79.7011549
2503,40.3245138,-79.7011549
2504,40.7267682,-73.6342954
2505,39.9611755,-82.9987942
2506,28.0222435,-81.7328567
2507,40.65,-73.95
2508,26.820553,30.802498
2509,-6.2689913,106.8060388
2510,-6.2689913,106.8060388
2511,-6.2689913,106.8060388
2512,-6.2689913,106.8060388
2513,40.740389,-73.983385
2514,42.2708716,-83.7263294
2515,35.7564719,-83.9704593
2516,38.6270025,-90.1994042
2517,42.8903086,-84.3513631
2518,34.1477849,-118.1445155
2519,35.042036,-89.6645266
2520,38.8951118,-77.0363658
2521,41.8781136,-87.6297982
2522,41.8781136,-87.6297982
2523,42.2589122,-88.1392474
2524,42.36837,-83.3527097
2525,37.3393857,-121.8949555
2526,40.65,-73.95
2527,37.9735346,-122.5310874
2528,-6.291472,106.70545
2529,45.0105194,-93.4555093
2530,26.1223084,-80.1433786
2531,38.3365032,-75.0849058
2532,40.0373914,-83.0005853
2533,-6.2689913,106.8060388
2534,-6.2689913,106.8060388
2535,-6.2689913,106.8060388
2536,-6.2689913,106.8060388
2537,-6.2689913,106.8060388
2538,-6.2689913,106.8060388
2539,-6.2689913,106.8060388
2540,-6.2689913,106.8060388
2541,-6.2689913,106.8060388
2542,-6.2689913,106.8060388
2543,-6.2689913,106.8060388
2544,39.1066667,-94.6763889
2545,34.0007104,-81.0348144
2546,33.4483771,-112.0740373
2547,40.65,-73.95
2548,41.7605849,-88.3200715
2549,40.7143528,-74.0059731
2550,44.9799654,-93.2638361
2551,35.4868032,-80.8600736
2552,37.566535,126.9779692
2553,42.8864468,-78.8783689
2554,38.2526647,-85.7584557
2555,38.2526647,-85.7584557
2556,38.2526647,-85.7584557
2557,40.7143528,-74.0059731
2558,40.7143528,-74.0059731
2559,-23.694444,-46.5654482
2560,28.5383355,-81.3792365
2561,37.7141454,-122.25
2562,32.7947731,-116.9625269
2563,-6.2689913,106.8060388
2564,40.7478786,-74.3254271
2565,35.79154,-78.7811169
2566,35.772096,-78.6386145
2567,40.7143528,-74.0059731
2568,32.0835407,-81.0998342
2569,31.5785074,-84.155741
2570,33.2486638,-111.6342993
2571,-6.2689913,106.8060388
2572,-6.2689913,106.8060388
2573,-6.2689913,106.8060388
2574,-6.2689913,106.8060388
2575,33.046233,-96.994174
2576,51.0313889,5.7177778
2577,14.6333333,121.0333333
2578,-6.2689913,106.8060388
2579,-6.2689913,106.8060388
2580,-6.2689913,106.8060388
2581,-6.2689913,106.8060388
2582,-6.2689913,106.8060388
2583,-6.2689913,106.8060388
2584,-6.2689913,106.8060388
2585,-6.2689913,106.8060388
2586,-6.2689913,106.8060388
2587,-6.2689913,106.8060388
2588,28.0394654,-81.9498042
2589,49.248523,-123.1088
2590,43.6525,-79.3816667
2591,33.3061605,-111.8412502
2592,32.7153292,-117.1572551
2593,40.65,-73.95
2594,-6.2689913,106.8060388
2595,-6.2689913,106.8060388
2596,37.3393857,-121.8949555
2597,25.2644444,55.3116667
2598,25.2644444,55.3116667
2599,37.798577,-122.4246535
2600,-6.2689913,106.8060388
2601,-6.2689913,106.8060388
2602,-6.2689913,106.8060388
2603,-6.2689913,106.8060388
2604,-6.2689913,106.8060388
2605,-6.2689913,106.8060388
2606,-6.2689913,106.8060388
2607,40.65,-73.95
2608,38.2526647,-85.7584557
2609,41.8781136,-87.6297982
2610,33.7748275,-84.2963123
2611,-6.2689913,106.8060388
2612,35.9606384,-83.9207392
2613,42.3584308,-71.0597732
2614,34.0522342,-118.2436849
2615,40.7439905,-74.0323626
2616,40.7143528,-74.0059731
2617,47.6062095,-122.3320708
2618,38.2526647,-85.7584557
2619,-6.2689913,106.8060388
2620,-6.2689913,106.8060388
2621,38.3047222,-122.2988889
2622,42.3584308,-71.0597732
2623,-6.2689913,106.8060388
2624,-6.2689913,106.8060388
2625,-6.2689913,106.8060388
2626,-6.2689913,106.8060388
2627,40.715972,-74.001437
2628,34.6867846,-118.1541632
2629,37.6390972,-120.9968782
2630,33.84444,-117.77639
2631,44.308964,-78.319858
2632,-6.2689913,106.8060388
2633,-6.2689913,106.8060388
2634,-6.2689913,106.8060388
2635,-6.211544,106.845172
2636,41.8781136,-87.6297982
2637,40.65,-73.95
2638,-6.9147444,107.6098111
2639,44.3154117,-76.0119083
2640,35.9940329,-78.898619
2641,41.8397865,-87.9535534
2642,44.1297939,-68.8741289
2643,35.4675602,-97.5164276
2644,42.1275267,-87.8289548
2645,35.2270869,-80.8431267
2646,29.4241219,-98.4936282
2647,35.2270869,-80.8431267
2648,40.0992294,-83.1140771
2649,40.7143528,-74.0059731
2650,40.7143528,-74.0059731
2651,29.9647222,-90.0705556
2652,37.215326,-93.2982436
2653,30.6942091,76.860565
2654,35.772096,-78.6386145
2655,42.0372487,-88.2811895
2656,35.772096,-78.6386145
2657,40.65,-73.95
2658,41.8781136,-87.6297982
2659,-6.2689913,106.8060388
2660,44.5588028,-72.5778415
2661,38.4404674,-122.7144314
2662,36.114646,-115.172816
2663,33.800745,-84.41052
2664,-6.2689913,106.8060388
2665,-6.2689913,106.8060388
2666,41.8800296,-88.0078435
2667,-6.2689913,106.8060388
2668,41.6628076,-88.5370197
2669,32.3909071,-110.966488
2670,-33.8599722,151.2111111
2671,42.2711311,-89.0939952
2672,34.0231553,-84.3615928
2673,51.5001524,-0.1262362
2674,54.3808055,-2.907532
2675,41.8781136,-87.6297982
2676,41.8954656,12.4823243
2677,35.2045328,-89.8739753
2678,41.8781136,-87.6297982
2679,41.1628731,-73.8615246
2680,27.7208633,-82.4331495
2681,25.7889689,-80.2264393
2682,41.7003713,-73.9209701
2683,40.7143528,-74.0059731
2684,40.4406248,-79.9958864
2685,37.566535,126.9779692
2686,37.566535,126.9779692
2687,37.566535,126.9779692
2688,37.2635727,127.0286009
2689,37.566535,126.9779692
2690,40.700936,-73.712909
2691,37.566535,126.9779692
2692,-6.2689913,106.8060388
2693,37.566535,126.9779692
2694,37.566535,126.9779692
2695,39.6356154,-84.0707681
2696,40.65,-73.95
2697,43.8833333,-79.25
2698,38.0317136,-84.4951359
2699,-6.2689913,106.8060388
2700,41.8781136,-87.6297982
2701,34.0007104,-81.0348144
2702,38.2526647,-85.7584557
2703,-6.2689913,106.8060388
2704,41.6828074,-88.3514596
2705,35.8714354,128.601445
2706,37.9060368,-122.5449763
2707,40.2859239,-76.6502468
2708,39.158168,-75.5243682
2709,40.2628669,-76.913863
2710,30.0852135,-97.8402827
2711,-33.6671373,-70.95468
2712,-33.4544912,-70.6038334
2713,40.7143528,-74.0059731
2714,-33.4253598,-70.5664659
2715,-6.2689913,106.8060388
2716,-6.2689913,106.8060388
2717,-6.2689913,106.8060388
2718,-6.2689913,106.8060388
2719,-33.4253598,-70.5664659
2720,40.7329606,-73.9884556
2721,-33.4253598,-70.5664659
2722,-6.2357785,106.8271201
2723,-6.2360293,106.8370122
2724,34.1477849,-118.1445155
2725,40.740389,-73.983385
2726,-6.237126,106.823743
2727,-6.237985,106.908915
2728,28.1511243,-82.4614831
2729,39.0992752,-76.8483061
2730,33.9022367,-118.081733
2731,-6.236609,106.921431
2732,-6.236609,106.921431
2733,-6.236609,106.921431
2734,29.4241219,-98.4936282
2735,-6.237126,106.823743
2736,-6.237126,106.823743
2737,29.4241219,-98.4936282
2738,29.4241219,-98.4936282
2739,29.4241219,-98.4936282
2740,41.8781136,-87.6297982
2741,36.778261,-119.4179324
2742,40.65,-73.95
2743,-6.237126,106.823743
2744,-6.237985,106.908915
2745,35.9940329,-78.898619
2746,33.4222685,-111.8226402
2747,39.8022653,-86.2672127
2748,39.7683765,-86.1580423
2749,26.1892409,-98.1552872
2750,39.9652553,-74.3118212
2751,40.740389,-73.983385
2752,40.107698,-74.3272535
2753,29.7628844,-95.3830615
2754,26.1223084,-80.1433786
2755,30.4382559,-84.2807329
2756,39.3642834,-74.4229266
2757,35.79154,-78.7811169
2758,43.0116784,-88.2314813
2759,40.65,-73.95
2760,40.65,-73.95
2761,35.650711,-78.4563914
2762,-6.2384268,106.8613515
2763,-6.2384268,106.8613515
2764,-6.2392345,106.8561884
2765,-6.241932,106.781123
2766,29.7628844,-95.3830615
2767,28.5383355,-81.3792365
2768,33.414768,-111.9093095
2769,36.114646,-115.172816
2770,32.725409,-97.3208496
2771,33.4222685,-111.8226402
2772,42.2411499,-83.6129939
2773,34.0522342,-118.2436849
2774,40.65,-73.95
2775,33.9533487,-117.3961564
2776,47.6062095,-122.3320708
2777,-6.2425078,106.7559004
2778,29.5074538,-95.0949303
2779,35.772096,-78.6386145
2780,37.7361933,-121.9466284
2781,-6.235062,106.623198
2782,-6.244584,106.809173
2783,-6.244584,106.809173
2784,-6.244584,106.809173
2785,-6.244584,106.809173
2786,-6.244584,106.809173
2787,-6.244584,106.809173
2788,-6.2447455,106.9143325
2789,-6.245759,106.940557
2790,-6.245759,106.940557
2791,-6.245759,106.940557
2792,-6.245759,106.940557
2793,-6.245759,106.940557
2794,32.7667955,-96.5991593
2795,39.0839973,-77.1527578
2796,40.65,-73.95
2797,39.7683765,-86.1580423
2798,40.5159304,-75.5551858
2799,41.0814447,-81.5190053
2800,40.65,-73.95
2801,-6.245855,106.836506
2802,-6.245855,106.836506
2803,40.7143528,-74.0059731
2804,40.6387141,-73.6401296
2805,42.1014831,-72.589811
2806,40.4406248,-79.9958864
2807,30.6696818,-81.4625919
2808,-34.6084175,-58.3731613
2809,40.7143528,-74.0059731
2810,-23.5489433,-46.6388182
2811,42.1014831,-72.589811
2812,42.1014831,-72.589811
2813,41.7759324,-72.5214754
2814,40.65,-73.95
2815,33.7489954,-84.3879824
2816,29.7628844,-95.3830615
2817,32.725409,-97.3208496
2818,29.7628844,-95.3830615
2819,21.3069444,-157.8583333
2820,-6.245855,106.836506
2821,-6.249852,106.788068
2822,-6.249852,106.788068
2823,34.0522342,-118.2436849
2824,40.2968979,-111.6946475
2825,38.344221,-90.3934532
2826,35.2270869,-80.8431267
2827,42.2411499,-83.6129939
2828,38.4220694,-77.4083162
2829,36.114646,-115.172816
2830,38.9517053,-92.3340724
2831,32.1574351,-82.907123
2832,-6.25736,106.819912
2833,-6.25736,106.819912
2834,-6.25736,106.819912
2835,39.1992745,-76.6371894
2836,44.4488805,-88.0603806
2837,20.6220182,-105.2284566
2838,32.9481789,-96.7297205
2839,-6.2544401,106.8743529
2840,39.0997265,-94.5785667
2841,30.2979843,-97.8019515
2842,40.7281575,-74.0776417
2843,39.1361111,-84.5030556
2844,45.68346,-111.050499
2845,42.3726399,-71.1096528
2846,40.764462,-111.904565
2847,35.1495343,-90.0489801
2848,32.981212,-117.078863
2849,-6.258559,106.778082
2850,-6.258559,106.778082
2851,35.1495343,-90.0489801
2852,37.541944,-77.919167
2853,41.9211423,-87.8092266
2854,41.8850317,-87.7845025
2855,-6.249852,106.788068
2856,-6.2504213,106.8266873
2857,-6.2522234,106.8272277
2858,-6.253326,106.859937
2859,41.8781136,-87.6297982
2860,41.8781136,-87.6297982
2861,-34.883745,-71.995397
2862,46.8083268,-100.7837392
2863,18.2341217,-66.0484989
2864,33.4941704,-111.9260519
2865,43.5499749,-96.700327
2866,-6.254591,106.75719
2867,-6.254591,106.75719
2868,-6.254591,106.75719
2869,-6.2555872,106.8124386
2870,-6.25618,106.790098
2871,-6.262807,106.812196
2872,30.267153,-97.7430608
2873,37.09024,-95.712891
2874,32.725409,-97.3208496
2875,34.0522342,-118.2436849
2876,41.7014912,-71.1550451
2877,42.3584308,-71.0597732
2878,37.9735346,-122.5310874
2879,30.4382559,-84.2807329
2880,34.0753762,-84.2940899
2881,37.798577,-122.4246535
2882,42.4772418,-88.0956396
2883,36.1658899,-86.7844432
2884,29.4241219,-98.4936282
2885,40.65,-73.95
2886,37.9735346,-122.5310874
2887,40.7143528,-74.0059731
2888,47.6062095,-122.3320708
2889,1.0456264,104.0304535
2890,37.36883,-122.0363496
2891,51.5001524,-0.1262362
2892,37.36883,-122.0363496
2893,40.65,-73.95
2894,51.5001524,-0.1262362
2895,-15.7801482,-47.9291698
2896,1.352083,103.819836
2897,42.5333682,-83.1463166
2898,34.0197335,-117.9586754
2899,33.6534427,-84.4493725
2900,35.8911519,139.841375
2901,30.2841224,-81.3961338
2902,30.3321838,-81.655651
2903,27.197548,-80.2528257
2904,1.352083,103.819836
2905,41.2033216,-77.1945247
2906,40.7143528,-74.0059731
2907,-6.211544,106.845172
2908,25.9428707,-80.1233802
2909,40.65,-73.95
2910,37.6940973,-122.0863522
2911,51.5001524,-0.1262362
2912,41.387917,2.1699187
2913,32.3199396,-106.7636538
2914,37.5482697,-121.9885719
2915,39.953729,-74.1979192
2916,37.6688205,-122.0807964
2917,37.60165,-122.016072
2918,-6.264319,106.842164
2919,-6.264319,106.842164
2920,36.114646,-115.172816
2921,35.907757,127.766922
2922,35.9250637,-86.8688899
2923,47.6062095,-122.3320708
2924,32.7153292,-117.1572551
2925,32.981212,-117.078863
2926,47.989404,7.9121092
2927,27.949436,-82.4651441
2928,39.966944,-74.943056
2929,33.8352932,-117.9145036
2930,32.7153292,-117.1572551
2931,35.4675602,-97.5164276
2932,36.8529263,-75.977985
2933,-6.264319,106.842164
2934,-6.2643719,106.9110428
2935,-6.2654175,106.8859387
2936,-6.273588,106.818144
2937,-6.274453,106.769675
2938,-6.274453,106.769675
2939,-6.274453,106.769675
2940,-6.274453,106.769675
2941,-6.274453,106.769675
2942,41.0581527,-74.7526651
2943,35.0844909,-106.6511367
2944,42.9633599,-85.6680863
2945,32.725409,-97.3208496
2946,40.0751159,-74.0995831
2947,28.5383355,-81.3792365
2948,40.7143528,-74.0059731
2949,41.9172526,-87.8956185
2950,41.8781136,-87.6297982
2951,38.8951118,-77.0363658
2952,40.65,-73.95
2953,40.65,-73.95
2954,36.1539816,-95.992775
2955,40.65,-73.95
2956,39.966944,-74.943056
2957,37.215326,-93.2982436
2958,41.8781136,-87.6297982
2959,25.7889689,-80.2264393
2960,41.8781136,-87.6297982
2961,47.610377,-122.2006786
2962,47.533229,19.189808
2963,47.6062095,-122.3320708
2964,47.6062095,-122.3320708
2965,61.2180556,-149.9002778
2966,26.7153424,-80.0533746
2967,27.937801,-82.2859247
2968,37.09024,-95.712891
2969,29.4241219,-98.4936282
2970,33.4941704,-111.9260519
2971,37.798577,-122.4246535
2972,42.4153739,-71.1564427
2973,42.3369816,-83.2732627
2974,39.7092262,-84.0632685
2975,29.4241219,-98.4936282
2976,39.1361111,-84.5030556
2977,34.0736204,-118.4003563
2978,40.0149856,-105.2705456
2979,55.378051,-3.435973
2980,51.5001524,-0.1262362
2981,37.4418834,-122.1430195
2982,41.6266555,-93.7121656
2983,35.7212689,-77.9155395
2984,41.4156025,-81.9234726
2985,32.7153292,-117.1572551
2986,33.8886259,-117.8131125
2987,32.725409,-97.3208496
2988,40.7143528,-74.0059731
2989,33.5225261,-117.7075526
2990,41.3306493,-74.1868135
2991,32.725409,-97.3208496
2992,41.8781136,-87.6297982
2993,34.0522342,-118.2436849
2994,43.038668,-78.8642033
2995,33.5778631,-101.8551665
2996,51.902012,-1.1542198
2997,41.0581527,-74.7526651
2998,41.8781136,-87.6297982
2999,27.949436,-82.4651441
3000,40.65,-73.95
