venue_id,lat,lng
1,33.84595,-84.363649
2,42.5433166,-71.7548621
3,42.5468876,-71.7765422
4,33.3668079,-97.1823299
5,32.9372765,-97.185796
6,35.0363723,-85.3168133
7,41.868781,-87.864311
8,29.69689941,-95.41269684
9,40.714037,-74.009335
10,29.818286,-95.418311
11,34.76088249,-84.93626833
12,38.5437944,-121.740045
13,31.24653493,-90.47298074
14,32.7484749,-117.1326855
15,30.0822497,-95.6306276
16,37.7637943,-122.2432115
17,41.520409,-81.463026
18,34.497423,-83.536782
19,37.29275603,-121.9887918
20,32.31325036,-96.20683551
21,41.4824558,-81.7661221
22,37.55662605,-77.46054411
23,40.741185,-74.363365
24,38.5838008,-121.4837608
25,32.7687798,-117.1675776
26,43.6392814,-79.4255972
27,38.87899,-77.30294
28,39.232815,-94.568945
29,39.74613407,-89.53436852
30,43.7147569,-79.5548799
31,42.3364266,-71.1489289
32,39.9785895,-74.8788513
33,40.7113829,-74.0062597
34,33.0451072,-117.2937218
35,36.03431639,-115.1188231
36,34.1555393,-118.3457687
37,33.102189,-96.6993169
38,40.734179,-74.000274
39,37.766555,-122.434878
40,40.859793,-74.428426
41,36.3,-119.314767
42,36.226275,-119.331326
43,38.7410039,-121.34383
44,34.089515,-118.148531
45,43.6697038,-79.3895305
46,49.0236158,-123.0685656
47,44.7357221,-93.2074241
48,41.0986819,-73.8659469
49,41.0987109,-74.0112158
50,40.74188,-73.993049
51,32.936676,-117.234641
52,42.3928151,-83.0496438
53,38.7687219,-121.2658692
54,38.583734,-121.499691
55,38.552475,-121.470315
56,32.7074514,-117.163074
57,39.711525,-105.014165
58,29.226908,-81.0154
59,42.24526189,-83.62698555
60,34.421584,-118.497835
61,33.9930342,-117.9006342
62,42.2653432,-83.658117
63,37.694353,-97.269809
64,28.8290603,-96.9656133
65,29.574185,-95.027218
66,28.8987153,-82.4423933
67,44.933231,-123.033821
68,44.13894816,-72.02679634
69,43.1338061,-89.3953826
70,42.3762973,-71.2461214
71,40.7203918,-74.2702166
72,32.780372,-96.800542
73,35.804239,-78.623765
74,42.7337101,-84.5538935
75,41.889608,-87.664263
76,34.1455089,-118.148639
77,42.4905666,-83.1171235
78,40.8936921,-74.1700762
79,40.870199,-73.891499
80,44.023731,-121.31574
81,41.90522,-87.669805
82,40.6700156,-73.9536708
83,33.6021767,-117.8999383
84,41.8524316,-87.8771278
85,40.92593251,-73.88623238
86,41.908976,-87.685098
87,36.074873,-80.33591
88,27.771479,-82.638502
89,40.00731928,-105.2773905
90,44.937641,-123.034939
91,39.83221471,-84.82120156
92,35.725158,-77.936007
93,45.5235803,-73.8526785
94,43.93919832,-93.27039223
95,42.3020046,-71.4343586
96,43.54021149,-90.88027954
97,40.718625,-82.548882
98,41.8889785,-87.6557431
99,40.8519699,-79.9111497
100,39.632629,-74.807792
101,40.756815,-73.970086
102,41.93807613,-87.81183109
103,39.77587,-86.1377399
104,35.956593,-86.802555
105,33.768477,-84.264075
106,39.1157243,-94.6240251
107,37.5898967,-122.3409978
108,40.868591,-73.896835
109,39.2460424,-94.421824
110,35.820153,-78.602875
111,42.9688021,-85.6650617
112,39.20498962,-85.92111111
113,34.7665067,-84.9279194
114,39.0718371,-84.446818
115,32.9996859,-96.9628929
116,29.354257,-98.476442
117,33.03914032,-96.73449039
118,41.751925,-87.663028
119,28.487922,-81.3736179
120,38.9316379,-77.0567733
121,35.4856775,-84.5898133
122,32.7695583,-117.1689497
123,32.74895105,-116.9320178
124,40.8053868,-73.9657363
125,36.7714799,-119.862802
126,30.279998,-97.707721
127,33.8480289,-118.390183
128,36.7302431,-119.8624231
129,36.694279,-119.566057
130,26.828833,-80.092414
131,44.263019,-88.370488
132,30.141002,-95.471159
133,37.7526,-122.416
134,37.26663972,-121.8334714
135,33.838581,-84.381636
136,34.089515,-118.148531
137,29.653668,-82.320393
138,41.886802,-87.627119
139,49.2615721,-123.1385674
140,30.06289141,-95.44703007
141,41.952119,-87.665882
142,41.0986819,-73.8659469
143,43.10483692,-79.11495209
144,35.3818709,-80.725087
145,39.6847032,-75.7339786
146,35.16429,-90.046964
147,41.093741,-74.010912
148,39.9556277,-75.202315
149,29.5629354,-95.0422784
150,43.6757443,-79.3970116
151,41.500874,-81.686487
152,42.2513648,-83.667246
153,35.44329,-97.601046
154,29.5741725,-95.0585337
155,29.5629354,-95.0422784
156,29.574185,-95.027218
157,28.7972394,-97.0002639
158,33.529107,-117.155057
159,32.8119081,-96.8055294
160,32.66012485,-117.0339203
161,42.1293314,-70.9505296
162,38.9191485,-77.0362967
163,38.90419231,-77.06076622
164,41.8673675,-87.8828416
165,38.9197819,-77.5481809
166,42.3020046,-71.4343586
167,42.2988,-71.4233
168,42.3018,-71.4243
169,38.908633,-76.84014
170,38.8876105,-77.4362
171,41.879795,-87.629462
172,40.76823641,-73.92938107
173,40.8586696,-79.8946167
174,41.8584803,-87.6686227
175,35.3837731,-80.7845484
176,33.92940276,-84.33560371
177,42.031919,-87.882595
178,39.033612,-122.922314
179,43.8531053,-79.5206119
180,33.23136481,-97.17188358
181,26.103617,-80.364766
182,40.644449,-111.495993
183,24.5501618,-81.7985773
184,35.8810229,-84.1566344
185,36.757668,-119.803773
186,34.778921,-82.468086
187,42.91915,-89.244822
188,41.9870396,-87.6656439
189,35.87913188,-86.42789841
190,41.8327975,-71.4785553
191,39.479491,-74.999287
192,39.794091,-74.919872
193,36.952785,-122.033912
194,30.0044515,-90.1065357
195,40.7477609,-74.036758
196,41.790331,-72.506294
197,33.983617,-117.372507
198,33.1805786,-117.3284035
199,45.5021653,-73.5559841
200,34.7407509,-86.665784
201,44.5325,-89.5611
202,34.1067107,-117.5966207
203,41.7659946,-72.5766757
204,39.1634934,-84.4275847
205,45.45633778,-73.49205494
206,33.03025603,-96.69833422
207,33.08043092,-96.55025482
208,33.11136603,-96.56530738
209,47.3645,-122.052
210,39.1651157,-84.5120752
211,41.4237912,-82.077486
212,32.865091,-96.5458589
213,33.1059587,-96.5962879
214,32.89947689,-95.69957078
215,38.805379,-77.051264
216,42.285787,-83.781613
217,42.281873,-83.733614
218,34.949137,-81.931327
219,37.241568,-121.985347
220,44.923884,-93.415604
221,33.85807,-118.090461
222,34.949382,-81.931424
223,38.597792,-121.346655
224,30.4275112,-89.0974174
225,42.200978,-87.798982
226,34.1453698,-118.151167
227,40.69547,-80.30453
228,34.098405,-118.298649
229,41.39093,-82.085262
230,39.9326999,-91.4105
231,40.550094,-74.230446
232,40.75613422,-73.90534272
233,39.7432514,-104.9836099
234,26.167406,-80.128548
235,39.01418215,-95.68868637
236,27.958684,-81.938302
237,38.7027507,-121.2777907
238,34.241553,-77.849799
239,35.902815,-78.888947
240,26.1564006,-80.1381928
241,35.020586,-90.025966
242,32.748262,-97.640033
243,40.873948,-74.087709
244,39.7879395,-88.2691626
245,38.79183672,-77.32129186
246,34.082569,-117.140686
247,33.593616,-84.408575
248,33.8787857,-117.919898
249,38.837263,-77.103609
250,34.448759,-119.235121
251,44.709432,-93.442305
252,40.14266484,-105.1315641
253,33.1726415,-117.0783761
254,47.169759,-122.252867
255,32.7906471,-96.8104829
256,32.881153,-117.20526
257,41.168494,-85.1656538
258,33.1145666,-96.6269706
259,46.92546618,-122.2766644
260,38.581774,-90.628088
261,33.1146238,-96.6530832
262,46.0245823,-123.9207727
263,38.902201,-94.722256
264,42.275237,-83.001576
265,39.180197,-86.517732
266,38.155493,-85.668466
267,36.024268,-95.805343
268,32.750935,-116.943603
269,44.968537,-93.327121
270,40.663514,-73.991662
271,40.0772544,-75.4047004
272,41.687688,-70.923459
273,34.112738,-80.887386
274,45.425942,-75.692294
275,41.543912,-90.284206
276,41.302083,-82.114361
277,41.702079,-72.753646
278,39.661579,-75.616307
279,27.837221,-97.056053
280,37.42817061,-122.0976573
281,39.9511462,-75.1720959
282,25.768385,-80.411599
283,41.9126078,-88.3141244
284,36.115535,-115.196395
285,39.146799,-84.629475
286,41.90809008,-88.31025124
287,29.571719,-95.117178
288,30.24713046,-97.75106907
289,42.517816,-92.4560291
290,26.211648,-98.232557
291,27.8530676,-82.6388738
292,32.831308,-96.770071
293,38.9251525,-79.8481773
294,30.191799,-81.7056391
295,42.74097936,-84.6158067
296,37.76535,-122.43314
297,41.82305,-72.881271
298,47.5614876,-122.312903
299,38.946926,-77.064589
300,27.4990808,-82.4157174
301,42.040043,-87.6868399
302,41.890863,-87.657595
303,40.0755111,-75.1014409
304,39.023703,-77.14587
305,28.473886,-81.464867
306,41.894996,-87.65406
307,40.7432094,-73.8512809
308,30.338326,-85.590932
309,30.60229172,-96.35910451
310,33.044878,-96.827981
311,38.379604,-75.067581
312,42.812574,-86.119141
313,32.247321,-96.498087
314,27.361062,-82.548675
315,40.173934,-74.425389
316,44.862973,-93.356916
317,34.1133935,-80.8823879
318,41.0110381,-73.7695878
319,38.6364329,-90.245166
320,34.065912,-118.326248
321,35.114351,-89.907053
322,27.851164,-82.787573
323,38.6044507,-90.5588787
324,40.056471,-74.226244
325,40.766119,-73.9874739
326,38.3212884,-121.9704746
327,37.6793915,-122.0844252
328,26.126777,-80.104269
329,41.82305,-72.881271
330,29.749218,-95.358577
331,44.628735,-79.448166
332,29.9725455,-95.6908466
333,38.655666,-121.100982
334,30.3043678,-81.6549845
335,39.9057018,-86.0851341
336,37.8023,-121.197949
337,45.1024098,-93.4788342
338,38.9029421,-77.0406147
339,34.105352,-117.669832
340,38.379604,-75.067581
341,40.991287,-75.219827
342,40.7779701,-73.9821927
343,36.69227,-121.801987
344,47.6812,-122.203
345,33.956236,-118.218113
346,41.353578,-71.972302
347,37.979395,-87.4927308
348,30.156132,-92.049563
349,39.35371,-84.36512
350,25.788251,-80.1934409
351,28.35662372,-81.55966759
352,42.0473172,-87.9370882
353,46.950833,-122.857539
354,40.696734,-73.985143
355,39.932196,-105.133815
356,40.66079,-73.994004
357,34.171776,-118.400052
358,39.855766,-105.081303
359,40.25392405,-75.21143143
360,40.7314,-73.9826
361,36.992942,-86.440366
362,45.500542,-73.569813
363,41.100258,-111.991944
364,38.337954,-81.6102
365,43.646905,-79.419773
366,37.590868,-122.017917
367,34.102018,-118.332508
368,40.6949453,-89.592914
369,40.822687,-77.898678
370,40.78486329,-73.94494057
371,47.618975,-122.12943
372,40.81730468,-74.16325532
373,47.046188,-122.931465
374,32.7511025,-97.3527733
375,40.741668,-74.001129
376,40.17168118,-75.150229
377,40.66078259,-73.99403572
378,41.9352706,-87.657275
379,41.9453625,-87.6561565
380,34.0066521,-117.3766558
381,39.965765,-75.605932
382,37.784219,-122.406176
383,42.9808211,-78.8470471
384,42.132658,-88.32747
385,29.7681372,-95.3808354
386,43.248791,-75.382895
387,45.477769,-73.604299
388,41.058854,-80.705379
389,41.973141,-87.675851
390,25.752827,-80.422373
391,36.149407,-86.805719
392,32.034948,-82.508055
393,42.96929867,-85.66982031
394,36.90522,-106.578702
395,28.40483976,-81.43039584
396,42.9701958,-85.6559566
397,36.824694,-119.871416
398,42.9701958,-85.6559566
399,37.255391,-121.930969
400,32.826799,-117.155757
401,26.007261,-80.312633
402,29.4945279,-94.9226471
403,36.114666,-115.193433
404,41.915176,-87.627422
405,43.5446803,-96.7392151
406,38.796889,-121.290307
407,33.7479,-118.115
408,33.870324,-117.920166
409,34.021812,-84.624535
410,30.39175629,-91.09030724
411,40.0770229,-76.329001
412,41.3873717,-72.0804996
413,32.342893,-95.2929291
414,34.296938,-83.845392
415,43.22290973,-88.11470747
416,40.691192,-75.216781
417,29.4945279,-94.9226471
418,41.7444383,-111.8113624
419,33.349727,-84.534476
420,30.460635,-84.18133
421,40.5727304,-74.4224092
422,43.17876674,-88.10265362
423,40.31337045,-111.7210436
424,44.767325,-93.578377
425,40.743448,-73.423902
426,33.1716,-87.4989
427,34.015797,-118.491347
428,40.647156,-73.670936
429,38.2670172,-104.6104951
430,38.3227914,-104.7032519
431,42.0904235,-87.7237484
432,43.57016197,-80.36078453
433,40.7177249,-75.2217379
434,43.07649,-89.384562
435,37.868431,-122.287081
436,36.072004,-115.101356
437,32.71920471,-116.9840741
438,40.669005,-73.942457
439,33.4538079,-94.0784443
440,25.6821323,-80.4229644
441,38.039956,-84.497427
442,39.78824,-75.53801
443,39.31529,-76.638798
444,30.63957362,-87.91173935
445,39.940987,-75.14998
446,29.679834,-95.402355
447,37.34134048,-121.9104445
448,30.456642,-84.223657
449,38.952542,-94.68537
450,39.8223647,-74.950597
451,26.693271,-80.0503109
452,27.860277,-82.640921
453,27.946125,-82.505392
454,40.744805,-73.991724
455,37.968956,-122.00515
456,40.6175057,-74.0294764
457,29.10279,-95.097394
458,40.171795,-80.251651
459,27.3364631,-82.539099
460,39.4625735,-82.1891114
461,34.0670903,-118.3901015
462,41.8817861,-87.6323729
463,38.907242,-77.0239768
464,42.269088,-71.265327
465,41.9877587,-71.3268233
466,39.043909,-122.918098
467,42.8054195,-86.0917652
468,39.2732628,-74.576424
469,37.789358,-122.427846
470,42.562721,-83.184039
471,33.801485,-118.040926
472,33.877122,-117.881808
473,42.6405506,-83.0329181
474,41.76470996,-72.73436308
475,41.9474956,-87.6468774
476,41.802173,-71.486544
477,36.058562,-86.747757
478,42.3421541,-71.0678582
479,37.538073,-77.466788
480,42.01958509,-87.67579079
481,36.1496079,-86.8126195
482,40.764881,-73.823026
483,34.040463,-118.268681
484,35.874366,-84.319453
485,42.736436,-71.211902
486,25.074203,-80.461569
487,39.762189,-84.181507
488,40.7869971,-73.954379
489,43.5486475,-96.7268365
490,42.7371,-73.76282
491,45.4678451,-73.8296353
492,39.181506,-77.269666
493,39.1170553,-77.198747
494,40.0074327,-75.1251953
495,39.9482819,-75.1558183
496,39.969768,-75.1400589
497,41.29473643,-72.22485065
498,25.687055,-80.394065
499,27.79364,-82.714375
500,38.945299,-77.032352
501,42.3724752,-71.0910801
502,39.502858,-84.760378
503,31.434416,-97.403948
504,43.19101939,-89.46282864
505,40.6696,-73.9855
506,41.828785,-87.8192739
507,42.7654185,-71.2391458
508,43.076113,-88.7742707
509,39.9269654,-75.0065978
510,40.708203,-73.943629
511,30.303447,-89.826474
512,36.6313869,-93.263658
513,43.023532,-82.4557273
514,35.9262295,-84.0373844
515,38.2541585,-85.75787723
516,28.907162,-81.218811
517,40.736515,-73.993167
518,37.284599,-121.965531
519,40.598816,-73.9542
520,40.5875345,-73.9603917
521,32.660437,-97.122929
522,38.89944983,-77.04244137
523,40.529531,-105.075331
524,35.6152655,-120.6873046
525,37.302448,-121.916172
526,42.987861,-85.684845
527,35.4935701,-82.5051039
528,40.552765,-105.067189
529,35.966913,-84.040867
530,42.619446,-73.863936
531,36.161608,-115.165089
532,40.6522,-74.3231
533,30.263037,-81.388826
534,37.869816,-122.268193
535,41.763934,-88.206342
536,30.095317,-94.111355
537,38.2078695,-86.126424
538,38.71780014,-75.07969666
539,42.7213722,-83.419812
540,41.7318849,-93.6146721
541,43.275271,-93.636412
542,39.174894,-76.841149
543,45.5156599,-122.754443
544,40.695611,-73.739195
545,45.074096,-93.287331
546,35.601729,-82.554188
547,29.004378,-81.2997939
548,40.725752,-73.991646
549,41.843895,-74.147695
550,40.755937,-73.993572
551,33.993549,-117.930595
552,35.3837731,-80.7845484
553,29.791194,-95.571043
554,35.98256,-80.0179519
555,38.639257,-122.900959
556,35.755691,-77.9280969
557,35.7293034,-77.949577
558,35.71651755,-77.95293331
559,39.3076,-84.3162
560,45.354718,-75.646402
561,32.739288,-97.64469
562,40.59848037,-111.5838808
563,31.8290139,-106.5320158
564,33.7579011,-84.3944474
565,37.9763104,-84.5299898
566,33.8666043,-117.94185
567,36.897398,-119.793685
568,44.57160187,-123.2780991
569,37.801932,-122.401219
570,35.2011734,-80.8660451
571,35.1969314,-80.8633552
572,31.82925829,-106.5299177
573,38.736152,-122.528659
574,40.7560379,-73.878061
575,33.8427364,-118.1751019
576,39.1320005,-84.6168513
577,40.3803864,-111.7690451
578,45.5266183,-73.6543045
579,29.892653,-81.301439
580,41.758165,-87.6253685
581,41.1097204,-74.04701471
582,40.734734,-73.9940419
583,41.11318012,-74.13685799
584,34.0342822,-117.669417
585,45.5369951,-73.6244571
586,40.9055046,-73.9003419
587,35.9463402,-86.8310301
588,25.778269,-80.191256
589,35.71651755,-77.95293331
590,39.022124,-122.674942
591,40.592039,-73.967008
592,43.143648,-70.804587
593,34.14796792,-118.2570505
594,42.4978433,-92.3363606
595,25.8665128,-80.3064674
596,34.067515,-118.404514
597,34.067515,-118.404514
598,44.834963,-93.1560937
599,26.275475,-80.155177
600,42.5464576,-83.211323
601,40.467646,-106.819065
602,36.29807,-86.697359
603,32.897188,-97.043876
604,49.023,-122.811354
605,49.01643,-122.79087
606,33.8176736,-118.0593651
607,40.4737474,-88.9885179
608,42.3648546,-71.0604969
609,43.7916684,-79.2492923
610,40.243774,-75.2780609
611,31.75465363,-106.3404411
612,39.1230011,-122.8576965
613,37.868431,-122.287081
614,41.837859,-71.481864
615,35.5465308,-97.6119625
616,33.8274318,-84.32903767
617,29.737044,-95.48961
618,45.5228378,-122.6801035
619,39.0800741,-84.5075525
620,40.3945999,-82.4916
621,42.491,-71.2279
622,43.5672242,-79.6346855
623,36.5721,-87.29065
624,41.806706,-71.341081
625,34.039912,-117.910316
626,33.025473,-96.914597
627,33.8153212,-84.3914382
628,33.0471872,-96.7117146
629,40.6612,-73.5585
630,45.7408799,-73.6100979
631,39.996734,-82.833588
632,42.4005,-71.0415
633,41.822714,-71.418824
634,36.9470182,-86.423649
635,40.74205756,-73.80809963
636,38.90448,-77.046099
637,42.732971,-73.938124
638,41.0541815,-73.5407497
639,35.154896,-80.876672
640,35.607334,-97.621699
641,29.354257,-98.476442
642,34.13809381,-117.8663063
643,37.5274582,-122.0050013
644,42.0558798,-71.8416684
645,38.7410039,-121.34383
646,37.807364,-122.410119
647,41.5403568,-81.4971914
648,29.760303,-95.395204
649,35.958074,-86.809264
650,33.886854,-84.062476
651,34.047438,-118.5526159
652,32.9818168,-117.2618917
653,40.1481258,-74.7133423
654,30.43627903,-84.26265836
655,43.193386,-77.801248
656,43.13245045,-77.68696547
657,40.7072,-74.0122
658,45.894023,-89.688486
659,43.13882345,-77.59506226
660,39.825052,-76.606619
661,35.086847,-106.592685
662,36.767204,-76.228674
663,35.3125163,-80.774467
664,41.028749,-73.765461
665,39.3286457,-82.1011984
666,42.466254,-71.3016928
667,35.0535496,-80.8211696
668,40.7578109,-73.979967
669,40.76994682,-87.858181
670,40.0450703,-74.3226342
671,34.237613,-77.9386619
672,35.581448,-80.947979
673,25.884011,-80.123141
674,43.123561,-77.594578
675,39.188795,-84.607525
676,33.775394,-118.070437
677,40.750959,-75.233003
678,33.7891766,-117.8532323
679,32.82969257,-79.82494354
680,36.114165,-115.227721
681,25.655398,-100.361735
682,36.025836,-115.252508
683,33.7891766,-117.8532323
684,29.36829,-98.442752
685,29.35028,-98.43668
686,32.335948,-95.3010965
687,40.775682,-74.323298
688,32.885716,-96.086142
689,40.169876,-74.987483
690,47.635,-122.357
691,40.5990607,-73.9552834
692,42.498421,-83.3845078
693,34.06363229,-118.1337225
694,40.55489578,-105.0787354
695,28.384288,-80.603835
696,37.388653,-122.028307
697,32.30962335,-95.27498245
698,33.788273,-84.387512
699,28.383453,-80.604848
700,28.384288,-80.603835
701,27.741546,-82.751148
702,41.37998,-73.480961
703,38.89944983,-77.04244137
704,41.3904611,-73.4488821
705,31.7256898,-98.98054
706,29.6769845,-95.4279441
707,40.5731205,-74.1159757
708,37.804492,-122.4051389
709,40.6548037,-74.3138215
710,41.931069,-87.762687
711,40.444268,-79.9945879
712,41.763714,-88.362908
713,30.30854101,-81.71411991
714,38.447795,-78.871471
715,42.2782686,-83.7416195
716,36.121243,-115.170434
717,38.95701024,-94.68852282
718,43.0565971,-89.5014524
719,30.265265,-97.732087
720,35.138905,-80.815843
721,40.08958,-75.413611
722,36.06103403,-95.84979057
723,40.094485,-75.409317
724,39.20908814,-76.9410646
725,41.9428076,-87.650714
726,41.1119222,-80.6409938
727,35.714788,-115.365119
728,33.873086,-118.393235
729,32.716433,-117.163515
730,43.01290131,-78.82230377
731,26.2108863,-80.1308022
732,41.8093059,-72.2612484
733,41.80631743,-72.26630688
734,38.052065,-81.104049
735,36.187534,-115.340827
736,42.990541,-85.663596
737,34.8432243,-82.3626615
738,33.60335182,-117.6839912
739,35.367331,-80.71264
740,44.93558,-93.629659
741,42.25761886,-87.98139095
742,25.89236,-80.123995
743,34.0002494,-117.9314722
744,40.66592604,-73.0698967
745,35.4728292,-81.1798358
746,32.953548,-96.824736
747,30.65029,-88.1566
748,41.415526,-81.710954
749,44.387314,-73.200165
750,37.97738621,-122.0859843
751,37.688419,-120.957439
752,41.463789,-81.244625
753,33.8928169,-117.9457372
754,40.643261,-73.540858
755,30.076619,-95.433152
756,37.7446053,-122.4417178
757,37.705594,-121.909945
758,40.179175,-122.227241
759,34.201345,-84.135346
760,34.422364,-119.705115
761,38.9026,-77.0586
762,39.068195,-94.583793
763,38.907545,-77.032368
764,42.3317,-71.0557
765,44.3227917,-75.9251606
766,41.5934575,-93.6743535
767,43.979901,-75.907288
768,43.4875727,-75.34197978
769,33.519545,-101.871766
770,38.9394452,-77.3288389
771,43.98061784,-75.90934753
772,44.189971,-75.968746
773,41.8333627,-71.3942107
774,26.529169,-81.757663
775,35.3590489,-119.0610707
776,39.978309,-82.999055
777,42.0745248,-86.5010932
778,33.93994,-84.14782
779,29.647151,-81.64081
780,45.32948,-91.66589
781,33.136921,-117.050942
782,36.136817,-85.501633
783,33.1287105,-117.1594407
784,37.973593,-122.535351
785,37.7876407,-122.4513903
786,37.316394,-121.844509
787,37.3729782,-121.846509
788,40.761873,-73.960661
789,40.12862,-83.95658
790,25.773599,-80.230469
791,38.568114,-121.497569
792,25.811988,-80.123468
793,26.271222,-81.802037
794,41.754818,-72.656669
795,43.003245,-81.228138
796,49.115475,-122.661427
797,28.4606151,-81.40285
798,32.7795644,-96.8042861
799,39.271963,-84.460982
800,41.6607,-91.5341
801,39.765286,-86.156744
802,34.378395,-80.995607
803,35.174234,-80.839639
804,36.0919,-115.174
805,36.0562633,-79.0856446
806,40.317173,-73.981669
807,38.227001,-122.455943
808,33.033783,-96.69992
809,28.62374395,-81.20825529
810,34.070887,-84.165198
811,28.431153,-81.309673
812,47.679433,-122.209205
813,47.753932,-122.279173
814,42.943405,-74.187846
815,46.25428895,-119.2992711
816,44.9484,-93.3214
817,37.045845,-122.029154
818,37.260312,-121.87478
819,36.6418894,-93.2474837
820,35.106035,-89.879644
821,35.53695738,-77.03938901
822,41.27966092,-72.59557486
823,40.7257,-74.0085
824,41.29151201,-72.53216743
825,41.26251736,-72.5561142
826,40.732086,-73.985563
827,40.6905,-75.205965
828,41.836101,-88.019385
829,40.7177249,-75.2217379
830,40.6561,-75.2853
831,41.252664,-74.3083427
832,32.75779362,-117.0279551
833,34.0575268,-84.3797393
834,34.031272,-84.3578
835,33.772655,-84.363413
836,47.637174,-122.37713
837,38.8928579,-77.080254
838,47.6794564,-122.3553012
839,39.951601,-75.175105
840,38.919933,-77.230371
841,39.237634,-81.544223
842,40.76854924,-73.86121273
843,42.282616,-71.854813
844,32.7767327,-79.9286993
845,28.0424519,-82.5916813
846,28.03353877,-82.54212856
847,28.03250653,-82.5413239
848,42.26139832,-90.42690277
849,41.921885,-87.664249
850,34.178386,-118.319226
851,40.745274,-73.992571
852,34.0508284,-118.248135
853,34.10202393,-118.3024549
854,34.10148646,-118.3089513
855,40.717909,-73.990116
856,42.519326,-83.142936
857,37.788838,-122.409379
858,39.739863,-104.93179
859,39.80149,-74.93251
860,39.78133284,-74.86594677
861,39.799769,-74.930384
862,40.8474872,-73.9381012
863,35.27848121,-120.6642848
864,40.72235,-73.996625
865,40.785,-73.9774
866,40.7838153,-73.9799573
867,39.9123621,-86.0683935
868,33.1681359,-117.360566
869,28.054937,-82.440483
870,40.7632,-73.9767
871,40.7678478,-73.9823113
872,25.747265,-80.258844
873,36.3930714,-105.5809284
874,42.3514,-71.0646
875,36.4073472,-105.5736351
876,39.19196,-76.683203
877,27.996086,-82.443059
878,38.60036,-121.431652
879,36.41472093,-105.5673265
880,39.7474548,-105.1056938
881,37.89379883,-122.5168991
882,42.4176181,-71.0767621
883,34.182499,-117.323822
884,45.8721603,-89.7097404
885,43.7031902,-72.307981
886,42.899357,-81.472352
887,39.766774,-86.165084
888,37.7564,-122.412
889,37.577048,-122.348618
890,34.03722656,-118.6764675
891,40.7208841,-73.84340286
892,28.368305,-81.426467
893,30.67859435,-88.12314034
894,29.782058,-95.751709
895,40.354757,-111.728225
896,40.7801091,-73.9551172
897,40.764084,-73.97739
898,38.5056407,-122.4709425
899,40.757679,-73.984284
900,41.8535692,-87.6465503
901,41.1498465,-81.3420287
902,42.024803,-93.614693
903,41.555432,-93.735686
904,41.0246232,-74.6339152
905,40.94567638,-74.12956238
906,42.07197832,-73.93438339
907,46.29157673,-96.1137414
908,39.100759,-84.513123
909,40.7533879,-73.9846976
910,45.005416,-93.227867
911,40.0845108,-75.38751984
912,45.559496,-94.161687
913,30.221393,-97.772865
914,29.514257,-98.565931
915,39.701422,-105.204004
916,44.9483631,-93.2611488
917,44.97541689,-93.27337861
918,44.9737,-93.2296
919,45.0196219,-93.2355522
920,40.853351,-73.313427
921,44.9701,-93.2143
922,44.976368,-93.27516
923,41.91943,-72.719862
924,30.707276,-88.088469
925,40.289502,-76.669002
926,44.948177,-93.274315
927,45.107322,-93.211014
928,45.01833567,-93.12509537
929,32.86120442,-96.95729613
930,44.766298,-93.194575
931,45.0569404,-93.1889534
932,44.9845,-93.3804
933,44.8711013,-93.3290658
934,44.979604,-93.2748014
935,44.7251,-93.2856
936,44.87998838,-93.3251667
937,44.9695,-93.3132
938,44.974,-92.7568
939,32.442192,-97.786223
940,40.877429,-73.904709
941,45.15814255,-93.39055896
942,30.612112,-87.849035
943,45.1602,-93.3936
944,32.8976994,-96.9588937
945,37.81515774,-122.2460935
946,34.077658,-117.559913
947,37.859286,-122.266717
948,34.041443,-84.301613
949,45.1657302,-93.39331627
950,33.6395,-84.4586
951,27.9379247,-82.2265725
952,40.2271668,-75.2607301
953,44.9749579,-93.306095
954,44.9631,-93.2922
955,44.9766144,-93.2766969
956,44.81982271,-93.38132143
957,44.910991,-93.18503
958,44.898582,-93.1759299
959,44.9196,-93.2904
960,32.7511243,-97.3598004
961,33.66081,-95.593879
962,39.902748,-74.962563
963,38.122135,-122.238434
964,44.9829838,-93.2982154
965,44.9894935,-93.2518707
966,44.8544637,-93.0197579
967,41.991854,-87.8618294
968,39.264359,-76.610641
969,29.61350799,-95.21691263
970,45.4572623,-73.5675031
971,44.940663,-92.934997
972,32.77419516,-96.80049419
973,45.022004,-93.400193
974,45.02039848,-93.43365669
975,29.67243036,-95.30285597
976,42.836432,-88.390302
977,28.342461,-81.526494
978,39.25999,-84.394539
979,26.308662,-80.283215
980,39.95528,-75.159187
981,42.836432,-88.390302
982,37.7857,-122.433
983,38.9055539,-77.0315271
984,34.04227633,-118.2680368
985,45.353312,-73.259365
986,45.0539,-92.8065
987,40.762838,-73.9740169
988,45.1089294,-93.3404017
989,45.5064232,-73.5538465
990,39.410159,-81.430868
991,32.07239914,-81.09470367
992,40.733432,-73.990939
993,37.5476014,-121.9865435
994,36.120908,-79.844134
995,38.75581,-78.429574
996,38.9003819,-90.0567948
997,39.0536266,-94.5920822
998,39.825644,-86.137104
999,40.681,-73.9943
1000,41.486814,-81.555036
1001,30.26562,-82.753834
1002,35.712024,-100.451779
1003,37.7738988,-122.4239045
1004,37.774315,-122.422003
1005,43.056042,-87.898352
1006,43.05277,-87.8927609
1007,34.03969369,-118.4288675
1008,40.718089,-73.994621
1009,34.06361007,-118.4666061
1010,36.114691,-115.1390939
1011,43.6539539,-79.3931127
1012,40.804419,-73.966055
1013,43.074588,-89.392491
1014,43.6471262,-79.4048817
1015,38.0473528,-84.4980763
1016,43.6646034,-79.3243629
1017,45.513904,-73.5580938
1018,25.7015718,-80.3500293
1019,45.031012,-93.342615
1020,45.0305099,-93.3428001
1021,44.9709,-93.3632
1022,41.712569,-72.582186
1023,40.019219,-76.747282
1024,35.120561,-77.113251
1025,33.08985167,-96.68316364
1026,34.6936384,-76.69761658
1027,41.652011,-83.537537
1028,38.106241,-122.209766
1029,39.950349,-76.722357
1030,32.43325869,-99.75791931
1031,32.449666,-99.765225
1032,39.0709951,-84.3055732
1033,39.4078437,-76.9477631
1034,47.575351,-122.001205
1035,27.2794835,-82.5392125
1036,37.7900917,-122.4340545
1037,37.384604,-79.167753
1038,40.741,-73.9917
1039,42.3598,-71.0706
1040,44.917849,-93.189888
1041,25.6988465,-80.4449422
1042,40.719107,-73.985669
1043,45.47683425,-73.59277725
1044,40.72103,-73.9832349
1045,40.0711376,-74.1215733
1046,45.5625326,-73.6166883
1047,35.319955,-80.668229
1048,44.856645,-93.331347
1049,32.7631808,-117.2241946
1050,34.019366,-118.497519
1051,38.080717,-89.41047
1052,41.6283898,-87.9634443
1053,41.5118863,-87.9793652
1054,41.55167531,-88.00574541
1055,38.842432,-97.631995
1056,33.776579,-84.29971039
1057,29.9751946,-90.1013661
1058,44.5123899,-84.745744
1059,37.848474,-122.032305
1060,37.813221,-121.996523
1061,25.727912,-80.241048
1062,33.7525,-84.39
1063,41.39926,-82.10547
1064,35.815587,-78.660559
1065,35.91069,-79.070052
1066,38.846074,-97.612908
1067,41.3462037,-82.0669607
1068,38.8024132,-97.6126192
1069,38.6399695,-90.423557
1070,38.869783,-77.2478919
1071,34.146274,-118.118542
1072,42.34963222,-71.06193066
1073,38.0516718,-122.1572101
1074,40.6789013,-73.4479385
1075,34.018989,-84.359332
1076,33.785037,-118.002657
1077,49.226218,-122.992742
1078,41.8777848,-87.6561773
1079,35.891611,-84.549967
1080,39.76546,-86.162322
1081,41.5311028,-72.0482698
1082,40.83509,-74.172407
1083,33.9239851,-84.341716
1084,39.803178,-86.072748
1085,40.73573231,-74.0024364
1086,39.501541,-119.822306
1087,41.713104,-72.604933
1088,35.339602,-119.051574
1089,35.368752,-119.019184
1090,34.0639,-84.2527
1091,40.458466,-74.297522
1092,32.753622,-97.335826
1093,40.780229,-73.952594
1094,37.700899,-122.481528
1095,40.7316717,-74.0094471
1096,45.607552,-94.179772
1097,39.5282619,-119.8109533
1098,32.810255,-96.850774
1099,39.809524,-86.019339
1100,39.8110922,-86.0563307
1101,40.6291,-74.3004
1102,37.5704004,-77.4936745
1103,42.0205582,-88.3716576
1104,40.707457,-73.672986
1105,39.255095,-84.3433597
1106,44.151695,-87.568332
1107,33.879395,-84.469833
1108,32.5415129,-94.7462616
1109,39.164932,-86.49573
1110,41.3038085,-73.7121112
1111,40.7114348,-74.03800249
1112,40.740813,-73.993101
1113,41.882007,-87.627811
1114,34.868487,-118.265209
1115,33.5087,-117.14388
1116,40.8964465,-78.2205688
1117,39.052206,-77.161832
1118,38.961307,-77.097866
1119,43.516866,-96.7711683
1120,30.32391543,-81.63734436
1121,33.537446,-117.778858
1122,33.787404,-118.149103
1123,40.87041384,-75.24701357
1124,43.8411715,-79.304243
1125,29.0863267,-110.9717417
1126,43.6526668,-79.3779754
1127,38.96448094,-76.7882967
1128,34.236426,-118.535253
1129,34.41041489,-118.4993827
1130,33.82575621,-117.8363729
1131,43.614539,-116.204206
1132,25.703682,-80.288608
1133,40.1025896,-83.0913288
1134,34.187655,-118.620605
1135,36.151502,-80.27847
1136,39.813676,-85.9942049
1137,45.4981026,-73.626303
1138,32.6491672,-85.3802956
1139,39.1700602,-96.5962161
1140,30.425231,-87.185725
1141,36.1184262,-80.3173791
1142,41.991238,-91.647698
1143,49.1888251,-122.8043422
1144,49.225904,-122.996603
1145,39.4928769,-119.7889975
1146,43.668868,-70.244461
1147,47.70251287,-122.3242557
1148,38.11332121,-122.537899
1149,32.79586076,-79.88476753
1150,31.52353319,-97.13365017
1151,36.65250397,-93.2889328
1152,41.7054615,-87.7451212
1153,40.071356,-75.307653
1154,45.455038,-122.719633
1155,32.895662,-97.293777
1156,40.7861901,-77.85663
1157,42.3456681,-83.135039
1158,39.9611755,-82.9987942
1159,41.8802038,-87.6277109
1160,40.91596108,-73.12122345
1161,37.7614,-122.422
1162,40.9113015,-73.1235274
1163,40.727685,-73.139349
1164,43.8044802,-79.3011756
1165,32.829089,-97.09999
1166,43.8057919,-79.2959769
1167,44.9018,-93.0811
1168,40.4285856,-86.9191664
1169,37.240659,-121.8181828
1170,35.1611937,-78.9720843
1171,47.558804,-122.363877
1172,28.5977521,-81.1656066
1173,40.722646,-74.003938
1174,44.070983,-121.301734
1175,34.108462,-117.662754
1176,43.150035,-76.340044
1177,36.28927612,-119.1361465
1178,43.615781,-116.202623
1179,43.14989,-76.339583
1180,43.14989,-76.339583
1181,34.226235,-83.868613
1182,39.9572391,-75.1995344
1183,39.4939986,-119.7975233
1184,33.6529856,-79.0306032
1185,33.6933002,-78.8843044
1186,42.418039,-87.927462
1187,40.7449527,-73.8874137
1188,45.502999,-73.570303
1189,32.945312,-79.9424942
1190,32.710286,-96.950934
1191,37.969269,-121.299334
1192,32.61849976,-83.64640045
1193,49.1489264,-122.843414
1194,37.3628595,-122.0264748
1195,49.227427,-122.997513
1196,31.517665,-97.184823
1197,43.412493,-84.036852
1198,31.5081501,-97.1320087
1199,33.014651,-97.071485
1200,42.01596633,-91.63367987
1201,28.54189,-81.547423
1202,41.60933799,-84.55494404
1203,42.02137049,-88.38372231
1204,37.96507595,-122.3435676
1205,43.55271599,-79.71426487
1206,42.322663,-71.355318
1207,40.148336,-83.115701
1208,34.04796585,-84.29470539
1209,44.9474526,-93.3341882
1210,41.32851872,-73.80615234
1211,40.0874013,-83.0182002
1212,37.543726,-77.442235
1213,37.5479791,-77.4383603
1214,37.899579,-122.060631
1215,31.514772,-97.109931
1216,40.171089,-75.045118
1217,37.5417751,-77.4423468
1218,39.161716,-84.456468
1219,42.185964,-87.8029392
1220,32.8793002,-97.0999201
1221,31.534663,-97.128001
1222,38.8417508,-77.07535207
1223,40.6264037,-75.4193135
1224,27.967192,-82.731746
1225,40.791548,-74.043766
1226,31.522857,-97.17592
1227,34.0848342,-117.9586847
1228,36.004986,-120.127022
1229,37.645835,-122.490884
1230,43.66864768,-89.78722572
1231,42.2813852,-71.0354827
1232,30.03569959,-95.5339551
1233,39.8781894,-75.1148292
1234,42.6461466,-89.2324025
1235,40.732567,-73.6840069
1236,37.9667699,-122.000958
1237,32.7443623,-117.1470502
1238,40.774265,-73.9516079
1239,30.530618,-87.225012
1240,35.734088,-79.438383
1241,33.896745,-117.491027
1242,31.534921,-97.155274
1243,35.82952225,-78.90890479
1244,39.710951,-75.056329
1245,45.4439425,-73.4366587
1246,33.641697,-79.029506
1247,32.8308557,-117.2058172
1248,41.0639235,-73.5405709
1249,37.777225,-122.422356
1250,34.0920477,-117.8900311
1251,25.68007374,-80.31921566
1252,43.136817,-89.3003482
1253,39.30903273,-84.31860924
1254,44.0272483,-88.5451005
1255,38.7816032,-84.8941269
1256,32.805061,-96.822486
1257,43.789767,-90.148476
1258,37.7608342,-122.4361807
1259,41.7058,-88.3047
1260,33.689997,-116.38538
1261,29.386111,-100.905954
1262,32.837079,-96.750447
1263,43.669468,-79.3027196
1264,32.805061,-96.822486
1265,41.2699,-70.0969
1266,43.5524965,-96.7512437
1267,34.6542389,-120.458944
1268,30.53321584,-87.31215835
1269,25.677903,-80.319395
1270,32.853857,-117.183027
1271,32.7795644,-96.8042861
1272,41.025709,-74.2495579
1273,32.7489287,-96.8269343
1274,44.0765249,-123.161854
1275,40.6732503,-78.2371784
1276,40.8138278,-81.9294477
1277,40.524197,-111.887663
1278,33.824259,-117.86476
1279,36.392323,-86.902868
1280,34.0415975,-118.255052
1281,45.33211636,-75.72300911
1282,40.75341,-73.977189
1283,43.5174796,-79.6767947
1284,32.8312957,-117.2165653
1285,32.866003,-83.692584
1286,40.7770946,-74.0450222
1287,38.15121,-85.5706
1288,33.83748466,-84.32723522
1289,32.9648392,-96.8239186
1290,33.4574407,-90.664067
1291,34.9577362,-90.1490772
1292,29.4361192,-98.494119
1293,34.110342,-118.190998
1294,37.306631,-121.863114
1295,35.365827,-120.85344
1296,28.05243,-82.504024
1297,36.84071719,-76.11328125
1298,42.3426867,-71.0848375
1299,34.363085,-89.024441
1300,34.9042583,-90.1654369
1301,39.199909,-106.858925
1302,42.4943087,-71.1857466
1303,29.6983734,-95.418356
1304,40.7307195,-84.0631565
1305,43.07110247,-76.21459853
1306,43.6977,-79.3964
1307,47.043591,-122.832138
1308,35.075032,-106.6533972
1309,41.608325,-87.530561
1310,38.019144,-121.320508
1311,41.885087,-87.6600689
1312,33.74600287,-118.0113173
1313,37.76549038,-122.4318981
1314,32.76294,-117.168295
1315,31.5249699,-97.1653163
1316,29.881352,-97.940782
1317,33.12867,-96.796002
1318,29.685562,-95.474274
1319,25.7852089,-80.190083
1320,41.805945,-71.419656
1321,38.87509373,-77.01550394
1322,33.8605779,-118.100449
1323,43.2370435,-86.2481146
1324,33.658107,-117.972665
1325,33.87832563,-117.5913048
1326,29.5102661,-98.3841272
1327,40.57970462,-111.8727493
1328,40.68730164,-111.847702
1329,30.534946,-87.381038
1330,40.8081316,-73.517799
1331,40.583371,-111.882168
1332,34.263361,-77.91361
1333,40.5828616,-111.881761
1334,35.7234734,-79.4622431
1335,33.831244,-117.844402
1336,39.709479,-105.075445
1337,36.149075,-115.309026
1338,38.971436,-95.3068476
1339,38.962557,-95.239859
1340,27.724409,-82.649136
1341,45.5398995,-73.6093788
1342,32.762851,-97.1682
1343,32.9114503,-80.1031485
1344,42.984304,-78.868125
1345,43.64554,-79.3807862
1346,43.673741,-79.2822621
1347,49.18666837,-122.9555941
1348,39.746038,-75.549622
1349,35.207945,-89.792497
1350,42.2641,-71.8197
1351,40.841379,-73.943396
1352,43.8668594,-78.901056
1353,40.759694,-84.14723
1354,27.94334615,-82.50882626
1355,44.8252871,-93.3468373
1356,41.924719,-87.648329
1357,34.2583213,-118.7074093
1358,40.9718069,-74.1622433
1359,35.39765175,-82.50695407
1360,35.859424,-86.444698
1361,35.7497279,-86.9315063
1362,49.3106477,-123.0807823
1363,42.25562571,-85.64554632
1364,41.6589267,-70.2731325
1365,32.875136,-117.215881
1366,32.8328754,-117.1493403
1367,32.8272157,-117.1598051
1368,30.26571,-97.746245
1369,47.547839,-122.0412537
1370,47.8309,-122.273
1371,47.6237893,-122.312598
1372,32.722062,-117.167929
1373,33.763691,-117.836391
1374,27.865622,-82.731645
1375,37.878393,-122.268772
1376,41.2649418,-95.9423989
1377,41.66165527,-70.20114005
1378,42.723451,-84.41579
1379,34.2158917,-119.0603459
1380,33.638344,-117.9382044
1381,42.3673,-72.4796
1382,32.697375,-117.040831
1383,34.1067415,-117.3693381
1384,33.6559195,-117.7061828
1385,38.9808794,-77.406278
1386,34.085198,-118.284293
1387,44.22631987,-76.49119377
1388,26.255622,-80.101703
1389,47.64367764,-122.1332073
1390,42.0762424,-88.0201673
1391,41.8081875,-87.9063098
1392,34.1824009,-118.3233923
1393,35.2585023,-81.1116474
1394,36.223617,-115.169383
1395,37.423363,-121.919879
1396,38.5449065,-121.7405167
1397,36.2178191,-115.1259008
1398,40.78908,-74.0133309
1399,40.066784,-75.146077
1400,36.1634038,-84.0863993
1401,45.5009351,-73.5593454
1402,37.5304843,-120.8397892
1403,39.9462345,-75.2385117
1404,30.047161,-99.140172
1405,39.929539,-75.154181
1406,42.2739393,-83.7490339
1407,35.436355,-119.073514
1408,33.67274709,-117.9697323
1409,35.058131,-119.400073
1410,35.14468724,-119.4655252
1411,34.097851,-118.325321
1412,35.14089722,-119.4589806
1413,29.54512381,-98.31548309
1414,33.764708,-118.041939
1415,38.964297,-104.795945
1416,34.0615608,-118.4453392
1417,39.3478635,-82.9766663
1418,43.507927,-70.408048
1419,41.674432,-70.310182
1420,42.3607179,-71.3350312
1421,42.29846857,-71.39431
1422,47.975513,-122.197854
1423,40.7116953,-73.9424618
1424,30.439231,-87.281931
1425,35.100148,-106.680738
1426,42.28470678,-83.72925282
1427,40.58146469,-111.8727064
1428,40.58218174,-111.8913317
1429,40.5769645,-111.8721938
1430,40.522777,-111.487604
1431,40.6081742,-111.8722089
1432,40.58146469,-111.8727064
1433,33.8295699,-117.840878
1434,40.524197,-111.887663
1435,40.58120394,-111.8864393
1436,29.403348,-100.908786
1437,26.673775,-80.116801
1438,40.6095618,-111.8574184
1439,35.73285,-79.462794
1440,34.678479,-118.242367
1441,49.188972,-122.603944
1442,38.606525,-121.475129
1443,40.843274,-81.9376854
1444,37.760972,-122.436797
1445,43.09245,-78.94604
1446,32.30381983,-90.17136633
1447,33.856144,-84.2090709
1448,44.809548,-81.159318
1449,33.85504,-84.212311
1450,33.8559173,-84.2091964
1451,28.42112118,-81.57874346
1452,40.7453498,-73.6526063
1453,35.22248,-80.83755
1454,37.759493,-122.428526
1455,32.52266273,-84.95963573
1456,39.782151,-86.044295
1457,39.72968312,-121.8447733
1458,45.7136829,-87.0880847
1459,33.8155756,-84.407661
1460,40.7109,-74.3118
1461,40.74933773,-74.02437687
1462,39.967515,-83.010689
1463,43.5499492,-96.7298065
1464,33.0422204,-97.0238989
1465,34.1445,-118.2567
1466,38.857264,-104.7479442
1467,39.1578,-120.056434
1468,25.759444,-80.400412
1469,38.894157,-104.804611
1470,40.15783,-89.4074963
1471,25.754841,-80.420928
1472,40.7549328,-73.9714583
1473,38.8571345,-104.7183694
1474,43.8214094,-79.06252
1475,40.0705116,-75.438573
1476,32.518999,-96.939173
1477,41.9781094,-91.5886966
1478,38.870529,-104.715608
1479,38.845883,-104.755604
1480,30.24833,-81.5355
1481,37.4283877,-122.1431068
1482,41.723733,-88.048547
1483,41.695903,-88.289988
1484,37.771584,-122.405166
1485,38.074809,-78.499964
1486,41.627209,-73.922616
1487,40.7192648,-73.9858809
1488,33.731506,-117.785479
1489,40.7225314,-73.9876631
1490,40.073351,-83.122795
1491,41.88865265,-87.78698444
1492,40.6833079,-73.967068
1493,35.899629,-78.652219
1494,41.64364,-82.800995
1495,43.6551622,-79.4188138
1496,40.7804496,-73.950089
1497,39.9858562,-75.3084909
1498,44.1118,-70.224699
1499,40.613622,-111.857483
1500,41.2554475,-95.9316056
1501,41.108136,-85.147017
1502,30.36371,-89.406308
1503,46.739928,-92.168291
1504,40.377346,-105.496178
1505,34.107094,-117.682524
1506,43.0609994,-70.7940129
1507,36.1139713,-115.1465135
1508,35.65166667,-80.455
1509,33.020993,-117.082359
1510,34.246735,-77.881805
1511,47.6691,-122.332
1512,41.7424444,-72.6726063
1513,30.232038,-97.795278
1514,32.8184661,-96.9166682
1515,34.051995,-84.227965
1516,40.49439,-80.03527
1517,42.52661723,-83.10570359
1518,42.91586072,-78.87106419
1519,33.080773,-83.226572
1520,41.8786983,-87.6322455
1521,38.76240158,-90.45510101
1522,28.3642216,-82.189814
1523,25.703493,-80.295261
1524,39.748644,-86.091284
1525,39.7753711,-86.0405643
1526,37.7840779,-122.4014305
1527,39.1692559,-84.6372617
1528,38.3300769,-104.743304
1529,35.8917385,-94.9772376
1530,35.919386,-94.974869
1531,35.9153991,-94.9611244
1532,33.925104,-117.873642
1533,27.23873377,-80.27020633
1534,27.226164,-80.3719179
1535,41.27934158,-72.94077516
1536,38.7321,-83.0026
1537,40.1385169,-79.8476106
1538,45.3347103,-118.057179
1539,38.6428829,-90.3336163
1540,42.4996386,-89.0349843
1541,39.390853,-76.528733
1542,44.23408,-79.4498429
1543,43.072658,-89.423041
1544,32.6612149,-117.0836085
1545,41.933784,-87.653729
1546,39.1826678,-77.2641764
1547,44.730629,-93.151857
1548,39.023608,-77.385597
1549,42.3579,-71.0653
1550,38.707273,-122.048686
1551,28.2236937,-82.679328
1552,28.0378063,-82.5417067
1553,39.557024,-75.880285
1554,28.0080774,-82.6128365
1555,40.8641146,-76.5469936
1556,27.981689,-82.569355
1557,40.099677,-74.935509
1558,34.8155192,-86.6863866
1559,36.676639,-121.659731
1560,34.7194747,-86.5922943
1561,44.9483754,-93.2139892
1562,40.915054,-73.847539
1563,40.658801,-74.1063776
1564,42.9601113,-78.7573591
1565,37.96059,-87.57207
1566,36.014103,-115.16972
1567,41.905145,-71.440802
1568,43.7599294,-79.2253658
1569,33.85209842,-98.50067139
1570,33.865107,-98.495187
1571,37.36712168,-121.8493223
1572,35.1165019,-106.534036
1573,29.804121,-95.416819
1574,42.57808,-71.99058
1575,28.4411875,-81.4703639
1576,28.442829,-81.401698
1577,28.54315102,-81.74284637
1578,39.068213,-77.26378
1579,39.157737,-77.174285
1580,27.766078,-82.768445
1581,40.043046,-86.816403
1582,40.7373049,-73.4195549
1583,39.327677,-84.369468
1584,36.3662,-94.2214
1585,42.10668413,-70.93444526
1586,36.18804,-82.37339
1587,37.0270194,-88.6707138
1588,37.31710338,-122.0300388
1589,35.3617009,-80.6621289
1590,26.131177,-80.404393
1591,33.9184216,-118.3958222
1592,39.917473,-75.3478767
1593,27.41061,-82.548415
1594,26.941698,-80.192712
1595,44.854924,-93.2420213
1596,40.66078259,-73.99403572
1597,25.842504,-80.197405
1598,40.1753596,-74.0321184
1599,42.5449019,-83.2847551
1600,43.8238862,-79.4262127
1601,40.21011383,-74.08643246
1602,36.207515,-115.268527
1603,42.353771,-71.158241
1604,33.9962429,-84.5071935
1605,43.86156905,-79.38114524
1606,29.8684113,-81.3200665
1607,45.5163451,-73.5580996
1608,29.895987,-81.312264
1609,43.040486,-87.93517
1610,29.92473766,-81.4131546
1611,41.6536928,-87.5362387
1612,33.7792672,-84.4091079
1613,32.8118405,-96.79873466
1614,32.6681626,-117.0969264
1615,42.11551083,-85.353899
1616,33.754683,-84.3706914
1617,41.6686,-70.1103
1618,38.84795523,-77.11066604
1619,37.781265,-122.393229
1620,34.15881,-118.262176
1621,39.0926822,-84.50256586
1622,25.92038371,-80.29750586
1623,44.1012198,-79.6230521
1624,35.7329409,-79.464271
1625,38.9688837,-104.7838066
1626,40.6691999,-74.2666
1627,33.98532452,-118.3944654
1628,31.5891511,-90.45582533
1629,36.15769684,-115.309453
1630,38.98360669,-76.54109359
1631,35.5880011,-97.5671643
1632,39.003691,-94.220126
1633,39.2470402,-94.6527983
1634,27.94326085,-82.50831932
1635,35.2092702,-87.06294894
1636,45.54253969,-94.22069192
1637,43.4905533,-80.5391628
1638,36.1445256,-80.3004455
1639,45.5796997,-73.5448563
1640,42.3425602,-72.5835219
1641,43.8940359,-78.8790425
1642,33.8802737,-118.1252261
1643,33.5732933,-117.633173
1644,34.235739,-119.0218766
1645,44.55894937,-80.48129082
1646,32.73281561,-117.1959686
1647,41.920554,-87.6934406
1648,36.239045,-86.533696
1649,40.000312,-82.9986764
1650,41.6318305,-83.4821995
1651,37.3278294,-121.9658491
1652,32.8947733,-97.2687397
1653,42.3427,-71.1001
1654,39.276126,-123.780213
1655,32.8994849,-97.2895415
1656,40.8803017,-73.9071874
1657,42.1524183,-72.5846437
1658,39.51996605,-104.7634363
1659,44.9395439,-93.2523152
1660,40.8136263,-96.7009182
1661,39.5203633,-104.7635651
1662,42.9576943,-87.9707188
1663,43.804738,-90.0699436
1664,43.7940217,-90.0897789
1665,38.2026297,-85.6831847
1666,33.0646398,-117.3007595
1667,39.2803924,-76.5747068
1668,38.580957,-121.486704
1669,38.58153231,-121.4857328
1670,49.3086359,-123.0404984
1671,47.81332744,-122.3865795
1672,40.6276265,-74.9218238
1673,29.9232364,-90.0881967
1674,43.0758728,-89.3266677
1675,29.7368629,-95.5710199
1676,44.7929655,-91.5006851
1677,30.6106356,-96.3509429
1678,36.027082,-83.921871
1679,34.41542463,-118.4746313
1680,38.4211269,-82.4490931
1681,42.5570392,-71.7714986
1682,30.6106356,-96.3509429
1683,30.6106356,-96.3509429
1684,37.603982,-120.969609
1685,37.638064,-120.758781
1686,40.1779973,-85.7287269
1687,35.202006,-80.843683
1688,38.885987,-77.020902
1689,29.632566,-95.592828
1690,41.054911,-73.535775
1691,33.775322,-84.074586
1692,40.3441768,-74.3081443
1693,33.84147,-84.132305
1694,33.781001,-118.102149
1695,42.75236,-71.46141
1696,41.5921091,-88.0232762
1697,46.5371183,-80.9077087
1698,44.510741,-88.031003
1699,37.761002,-122.436322
1700,37.7651407,-122.4317697
1701,35.91136,-94.97265
1702,37.7608342,-122.4361807
1703,42.1068,-72.5992
1704,37.7659,-122.431
1705,37.7942088,-122.251881
1706,40.445882,-80.203683
1707,35.95716608,-83.92537594
1708,44.0225532,-92.4639963
1709,43.0172119,-81.2405503
1710,44.0225471,-92.4652015
1711,41.13519516,-73.85996819
1712,37.638064,-120.758781
1713,36.5458878,-119.3959719
1714,36.84071719,-76.11328125
1715,31.57970536,-90.46116829
1716,42.426454,-83.964415
1717,43.6712411,-79.4233735
1718,36.584416,-121.890821
1719,30.3795358,-97.8851572
1720,43.641166,-79.377243
1721,40.6562,-73.6716
1722,45.5500896,-73.5413543
1723,35.139264,-119.455933
1724,43.65026,-79.385384
1725,31.24487469,-90.47813058
1726,33.65723202,-118.0016774
1727,33.693712,-117.9547
1728,35.30532386,-119.6230835
1729,33.796642,-84.3695068
1730,35.14001988,-119.4596672
1731,33.80400618,-118.1765842
1732,35.30510934,-119.623282
1733,33.65842422,-117.9720497
1734,33.65292303,-118.0062103
1735,42.706157,-87.792219
1736,43.7350475,-79.4198785
1737,47.609483,-122.333946
1738,29.353544,-98.441774
1739,40.8284674,-73.4139481
1740,33.935296,-118.130298
1741,34.87161962,-82.25412369
1742,43.216539,-86.2895981
1743,47.046308,-122.86908
1744,47.674376,-122.353672
1745,43.224459,-86.2715795
1746,33.865596,-118.202803
1747,40.5985,-74.2844
1748,41.05503593,-73.552351
1749,41.503752,-81.689176
1750,29.595282,-95.622676
1751,33.762066,-117.835383
1752,37.3757292,-122.1160174
1753,41.831888,-71.385705
1754,47.668848,-122.206743
1755,30.30457662,-97.7703166
1756,35.7293034,-77.949577
1757,33.7778694,-84.4088186
1758,45.57662,-73.6003633
1759,32.873523,-117.214761
1760,29.742579,-95.396501
1761,29.861904,-95.695536
1762,29.740258,-95.435379
1763,29.755327,-95.370364
1764,38.885496,-76.996461
1765,40.6564,-74.304
1766,29.748328,-95.399839
1767,41.05288,-73.541998
1768,47.598357,-122.299805
1769,37.8121459,-122.2661951
1770,39.166845,-86.521658
1771,40.58345286,-111.8851519
1772,40.581367,-111.880045
1773,39.950238,-75.166724
1774,47.706136,-122.207194
1775,34.437311,-118.532297
1776,40.6081742,-111.8722089
1777,47.65272,-122.358542
1778,39.944908,-75.177139
1779,40.6789013,-73.4479385
1780,41.65101403,-83.53716373
1781,41.7708096,-83.6265914
1782,40.57996538,-111.8702602
1783,39.153847,-76.7429207
1784,38.8831539,-76.9918495
1785,33.824259,-117.86476
1786,43.202284,-77.496662
1787,42.46028,-83.136793
1788,40.6696336,-78.2356906
1789,40.8306804,-96.7070826
1790,29.3873893,-100.9057554
1791,47.63970908,-122.4006343
1792,35.217599,-80.68622
1793,40.685461,-78.2407906
1794,37.686417,-122.125133
1795,34.15222978,-117.933898
1796,37.944667,-122.535244
1797,40.770897,-73.40822
1798,33.5424426,-117.637617
1799,35.92464453,-79.05375481
1800,37.788554,-122.436916
1801,34.072698,-117.9848463
1802,41.12532,-78.7464066
1803,40.760091,-73.991789
1804,33.988155,-81.244998
1805,44.2068928,-79.4677377
1806,44.3867852,-79.7018114
1807,43.039444,-87.909762
1808,43.41184404,-70.59325218
1809,44.2427777,-79.4768082
1810,33.0307506,-80.1816984
1811,34.439752,-119.761259
1812,31.25746797,-90.48017442
1813,44.460348,-73.179536
1814,38.557548,-121.427462
1815,34.126309,-117.575821
1816,40.8138278,-81.9294477
1817,36.7477302,-95.9781228
1818,40.843274,-81.9376854
1819,31.540885,-97.115295
1820,45.425943,-75.6923287
1821,40.754572,-73.975625
1822,44.08228287,-123.041296
1823,45.499586,-73.705295
1824,33.8427859,-84.255471
1825,45.5862545,-73.5895337
1826,33.8631351,-84.2321666
1827,37.7712585,-122.4371044
1828,47.746749,-121.982077
1829,35.899081,-78.89832
1830,34.165189,-118.3599
1831,33.794446,-84.386801
1832,39.293405,-94.714167
1833,28.41949695,-81.581195
1834,33.813232,-84.392636
1835,42.040417,-88.034606
1836,33.9007119,-118.336345
1837,44.9483332,-93.2530464
1838,36.54565,-119.397431
1839,34.0976,-83.7516
1840,30.379272,-97.892902
1841,36.807294,-119.846588
1842,37.759079,-122.428998
1843,28.668365,-81.330945
1844,31.769693,-106.485651
1845,38.6639007,-121.228855
1846,40.129281,-75.396962
1847,36.807294,-119.846588
1848,44.09153,-123.168059
1849,32.83914,-96.96996
1850,39.5951273,-104.8908782
1851,40.74950029,-74.02489185
1852,34.026355,-84.642154
1853,44.043509,-123.093096
1854,40.7496628,-74.0249777
1855,37.776398,-122.425264
1856,34.064887,-118.376597
1857,43.5424509,-96.7282539
1858,35.7451409,-78.6761439
1859,43.030074,-76.012798
1860,33.6283191,-117.9086494
1861,43.7091888,-74.9753963
1862,26.1089473,-80.3769999
1863,29.74658,-95.415325
1864,40.732987,-73.180328
1865,39.133517,-84.435789
1866,33.1069952,-96.8557813
1867,33.095445,-96.893087
1868,47.6129274,-122.3062342
1869,47.450655,-122.295427
1870,43.4482156,-79.7581813
1871,40.762018,-73.988002
1872,40.7538157,-73.9743606
1873,40.7538157,-73.9743606
1874,41.938118,-87.666989
1875,41.93908,-87.669056
1876,39.720042,-104.9497772
1877,49.27851465,-122.9126036
1878,41.895106,-87.635858
1879,37.5330536,-77.4279194
1880,39.3329689,-82.9820485
1881,47.677327,-116.787737
1882,40.56079,-74.545625
1883,38.86661119,-77.2259903
1884,35.0951096,-80.9315019
1885,33.8317973,-111.9347289
1886,34.039042,-84.05384
1887,44.71520877,-79.98111248
1888,41.31162976,-72.92243958
1889,40.19334802,-76.17516518
1890,29.4153333,-95.2834238
1891,42.91425781,-85.57748795
1892,40.6222335,-74.0272891
1893,41.1466438,-73.4949238
1894,34.2446881,-77.8574743
1895,38.90633,-77.02961
1896,36.0748148,-86.6342166
1897,45.4182539,-75.6997827
1898,41.3848528,-81.1855413
1899,32.599326,-85.486873
1900,42.2300461,-85.6015024
1901,42.2205884,-85.5358774
1902,45.5670857,-73.9073827
1903,38.575435,-121.482668
1904,27.9433272,-82.50820398
1905,41.4006773,-81.9909684
1906,41.475022,-81.895679
1907,43.031885,-87.9086559
1908,42.91472925,-78.76163006
1909,38.35596894,-77.50879091
1910,32.710348,-94.203778
1911,35.154933,-106.640253
1912,40.7307243,-84.0625977
1913,28.3463287,-81.4198395
1914,39.51362614,-84.26923513
1915,33.4772987,-81.9664754
1916,42.179756,-71.1898609
1917,39.541475,-104.906364
1918,40.010703,-83.059851
1919,36.959529,-120.060112
1920,43.644927,-79.523989
1921,34.2583213,-118.7074093
1922,40.9181262,-73.8251762
1923,44.978282,-93.2724212
1924,44.9371597,-92.95274734
1925,39.14239347,-84.39314783
1926,35.125788,-106.585527
1927,35.107677,-106.551666
1928,35.125788,-106.585527
1929,42.3475591,-71.247107
1930,42.655178,-71.128593
1931,40.73447832,-74.16385174
1932,40.6559954,-74.3031
1933,39.7624,-105.036
1934,40.219445,-74.093857
1935,42.786083,-78.8122719
1936,40.57973722,-111.8362713
1937,43.0722631,-89.4117205
1938,36.778261,-119.4179324
1939,25.878737,-80.330354
1940,40.8255784,-73.9492079
1941,42.388816,-71.015126
1942,40.6501831,-74.3478594
1943,42.3708,-71.1232
1944,41.8625112,-87.6544929
1945,37.9551849,-91.7770976
1946,37.5548,-122.3
1947,42.5176588,-83.2008654
1948,37.37029,-121.930179
1949,28.546766,-81.40507
1950,32.661064,-117.070396
1951,40.58527801,-122.350316
1952,38.677222,-121.784391
1953,32.782611,-96.805148
1954,40.61607,-80.056043
1955,44.5249799,-80.0191152
1956,34.1472441,-118.253944
1957,40.6178669,-80.092827
1958,42.979694,-78.7884459
1959,43.1369554,-70.6304208
1960,39.20681,-76.693664
1961,37.793104,-122.403174
1962,40.7953478,-74.1425852
1963,43.0892794,-87.902278
1964,40.025156,-105.282444
1965,40.6471,-74.3619
1966,35.726957,-79.463823
1967,30.7882038,-81.6508942
1968,40.047502,-75.056696
1969,34.0648749,-118.3749644
1970,42.048626,-87.686486
1971,39.893012,-75.070757
1972,40.3498259,-74.6616808
1973,33.4094255,-117.5926497
1974,33.839234,-118.07101
1975,33.694012,-117.926333
1976,40.23815,-75.28319
1977,43.0659453,-88.0274661
1978,36.167351,-86.664161
1979,47.617047,-122.324172
1980,47.6683208,-122.312808
1981,27.700785,-97.3462545
1982,47.609093,-122.336787
1983,36.168717,-86.682156
1984,34.9870419,-89.8190389
1985,38.2990528,-77.5117847
1986,37.7832627,-122.4524715
1987,33.9438494,-118.4080096
1988,35.33793,-80.19521
1989,33.7737382,-78.9130848
1990,30.2757357,-98.8731923
1991,41.890893,-71.340801
1992,29.47487237,-95.0949955
1993,35.7532124,-83.9918063
1994,42.275495,-71.8007291
1995,33.0117047,-97.0148302
1996,33.139233,-96.785104
1997,39.538578,-119.771485
1998,37.874,-122.282
1999,37.872376,-122.268944
2000,37.8705339,-122.2804318
2001,37.783986,-122.40131
2002,34.2838629,-118.775913
2003,34.220846,-118.47029
2004,39.5833383,-104.810736
2005,45.31006,-93.789434
2006,41.0180701,-92.4154631
2007,43.804166,-79.287494
2008,43.80467708,-79.29940224
2009,28.552053,-81.201947
2010,34.785196,-86.94516
2011,33.826085,-117.886122
2012,37.5667687,-122.272008
2013,41.11122395,-100.7594991
2014,30.4057552,-86.618842
2015,42.195641,-88.272133
2016,44.9671497,-93.262579
2017,33.823517,-117.88381
2018,49.2681545,-123.111674
2019,45.117992,-93.480495
2020,37.441,-122.129783
2021,38.611286,-76.938631
2022,41.5709414,-73.0833923
2023,40.7952783,-77.8578144
2024,35.830307,-78.768462
2025,40.730651,-73.953119
2026,42.195582,-88.272173
2027,30.164762,-81.700907
2028,33.20826194,-97.15778589
2029,32.279575,-106.741085
2030,33.020359,-96.751442
2031,33.9842799,-118.4488579
2032,40.506784,-78.4039981
2033,42.378122,-83.331214
2034,38.897479,-77.026563
2035,39.1792185,-94.2112979
2036,45.6565648,-77.5679203
2037,33.67681,-117.808729
2038,40.50342317,-74.45134163
2039,41.62965,-72.743472
2040,39.742365,-104.99062
2041,45.4019035,-75.6877604
2042,37.693306,-122.110799
2043,40.22656422,-74.14681435
2044,44.85944444,-93.43222222
2045,33.924835,-78.391011
2046,41.08407402,-73.39536667
2047,42.263411,-87.953233
2048,35.257044,-78.971615
2049,38.234536,-85.752614
2050,45.3086111,-93.7913889
2051,38.709198,-90.385792
2052,38.92697,-77.042158
2053,28.305009,-81.410359
2054,41.600062,-93.650674
2055,36.67935,-121.643481
2056,35.198869,-89.792112
2057,42.2526196,-83.6807496
2058,35.8733435,-84.2353365
2059,30.303146,-81.758002
2060,35.1185868,-120.5907252
2061,37.43491,-122.175585
2062,45.3998402,-75.68658
2063,45.5207575,-73.5758782
2064,36.0834417,-79.8552826
2065,41.96398962,-71.44954205
2066,41.154748,-73.730663
2067,41.104611,-85.089978
2068,32.781914,-97.114022
2069,41.676143,-87.510406
2070,38.927114,-77.042795
2071,38.704083,-80.660742
2072,34.2887709,-118.448458
2073,45.102623,-93.450759
2074,30.308971,-81.730047
2075,34.0703,-118.361
2076,37.8162427,-79.8255306
2077,42.6503661,-73.7514382
2078,37.772136,-79.9672367
2079,26.8087296,-80.1013597
2080,29.986752,-90.099078
2081,39.9137872,-75.346919
2082,40.338225,-75.97603
2083,40.70930405,-73.83005619
2084,41.1392711,-73.3208995
2085,42.929866,-75.856649
2086,44.928378,-93.2955367
2087,32.823502,-96.77015
2088,35.984898,-94.307172
2089,37.971983,-122.015086
2090,29.66684747,-82.32981408
2091,40.7497,-74.0048
2092,38.703974,-121.365829
2093,42.37832909,-83.02758694
2094,32.304118,-95.310707
2095,41.359425,-72.554055
2096,33.4643941,-86.8207291
2097,35.904486,-78.944235
2098,29.601082,-95.628416
2099,41.115297,-85.041938
2100,43.020474,-88.0106238
2101,33.2104,-87.549302
2102,25.984748,-80.163609
2103,46.725149,-93.973407
2104,39.949804,-86.274636
2105,33.620873,-117.925422
2106,32.007862,-97.0975799
2107,41.981448,-71.516482
2108,42.562263,-83.183863
2109,33.688277,-85.152907
2110,36.024403,-83.927216
2111,39.676359,-105.040226
2112,37.782127,-122.459191
2113,34.176418,-119.209235
2114,35.1196397,-89.990171
2115,35.129096,-89.9500687
2116,38.648183,-121.360978
2117,36.041243,-115.12523
2118,32.6226208,-85.4048457
2119,32.719404,-117.167835
2120,38.36316148,-75.60451984
2121,41.13234711,-85.16229248
2122,43.5777439,-80.2599229
2123,36.039255,-115.029967
2124,34.0285306,-84.4625833
2125,33.455577,-117.1059
2126,40.15237,-75.136802
2127,38.009789,-84.461835
2128,40.749726,-73.617429
2129,32.970737,-117.04333
2130,38.927114,-77.042795
2131,40.9094965,-80.034241
2132,30.325212,-81.734215
2133,43.40844586,-80.33220291
2134,41.41313,-82.16543
2135,34.0873149,-117.6940828
2136,42.002038,-88.005219
2137,37.2751189,-121.8911508
2138,42.256721,-87.840896
2139,43.466265,-80.5206467
2140,28.358994,-80.794234
2141,47.66130844,-122.3358992
2142,43.40554634,-80.49978733
2143,34.065287,-117.583394
2144,42.561011,-82.849404
2145,40.312716,-76.903668
2146,37.79001453,-80.00008106
2147,37.7817036,-79.9911906
2148,41.7660881,-72.5761124
2149,33.9719823,-117.3844424
2150,41.805102,-88.199615
2151,40.385837,-75.926511
2152,39.892311,-75.433466
2153,39.423575,-84.59586
2154,45.6793524,-73.7925729
2155,40.66569817,-73.07002544
2156,39.227142,-121.05283
2157,41.5867686,-93.63671064
2158,36.85329,-76.0009532
2159,35.6386665,-88.356876
2160,32.880758,-96.762257
2161,40.244164,-77.009974
2162,34.41898261,-119.6998644
2163,40.247074,-76.985612
2164,40.387205,-111.824624
2165,42.280522,-83.7469145
2166,39.95198077,-75.17194425
2167,41.0456295,-71.9271805
2168,35.058078,-78.877393
2169,37.5461369,-77.4587203
2170,35.7400224,-84.3374237
2171,29.657932,-82.410666
2172,42.503043,-83.183567
2173,45.5936195,-121.1810176
2174,40.768641,-73.901582
2175,36.5463499,-119.39974
2176,40.800377,-81.397728
2177,41.9359447,-87.6634181
2178,33.212124,-117.28019
2179,40.3031729,-78.8065484
2180,38.608888,-90.567229
2181,40.98514642,-73.82542133
2182,32.794996,-96.800378
2183,43.0171844,-87.9886835
2184,41.275284,-74.087923
2185,39.3905652,-84.5021881
2186,38.2274387,-85.750611
2187,39.534529,-104.880095
2188,44.22253,-74.4661214
2189,43.072254,-89.381745
2190,45.3998402,-75.68658
2191,32.678372,-97.397885
2192,45.532072,-122.439079
2193,34.41491128,-118.553381
2194,29.51972352,-98.57171774
2195,39.991117,-83.013657
2196,30.160471,-97.792736
2197,38.009269,-87.572091
2198,31.537413,-97.1903059
2199,42.89929528,-88.14751625
2200,38.9346359,-94.630213
2201,34.41774353,-118.5629082
2202,32.7365834,-97.4452163
2203,29.651069,-82.334627
2204,45.521774,-122.674198
2205,29.762773,-95.467805
2206,39.6785116,-104.9668246
2207,42.247612,-73.784341
2208,39.960198,-75.190312
2209,40.8312077,-73.9412496
2210,42.3949494,-71.1187878
2211,27.960194,-82.722746
2212,28.03085,-82.619966
2213,39.1605599,-76.892188
2214,27.990988,-82.691943
2215,25.765928,-80.220925
2216,35.94771675,-83.98944855
2217,40.44556721,-79.95388269
2218,33.884951,-117.957561
2219,35.32482684,-78.65100503
2220,32.6395776,-96.5383228
2221,32.95570882,-96.81609392
2222,40.4253864,-79.9448925
2223,32.7864239,-79.944768
2224,38.3340699,-75.220686
2225,41.276217,-96.085906
2226,43.5589951,-80.2858396
2227,40.8685809,-73.9021182
2228,32.953548,-96.824736
2229,41.239704,-73.048188
2230,25.7422014,-100.3015944
2231,37.758944,-121.954788
2232,33.86389453,-84.30592775
2233,34.4959438,-89.4982039
2234,34.0250376,-118.2839022
2235,35.4067935,-97.4936248
2236,29.452243,-98.430383
2237,30.160015,-97.953414
2238,47.11812708,-118.3752
2239,40.2971003,-76.6598872
2240,40.700078,-111.833499
2241,40.761368,-111.857265
2242,41.80039915,-88.27377319
2243,35.711552,-78.8035004
2244,42.5619,-83.132493
2245,30.2676615,-97.7491644
2246,42.473617,-83.101436
2247,35.916867,-79.061772
2248,33.894706,-78.425391
2249,35.678811,-78.834985
2250,25.850723,-80.120178
2251,35.8795991,-78.9139828
2252,29.9125373,-95.6336689
2253,38.927576,-77.045487
2254,45.102623,-93.450759
2255,42.2083702,-71.8504907
2256,25.84949,-80.242325
2257,45.42016486,-75.70134759
2258,30.284188,-86.034079
2259,34.119289,-117.588882
2260,38.726339,-90.3778899
2261,28.2540253,-81.3176985
2262,28.30411619,-81.41474247
2263,29.459431,-98.639989
2264,38.9517053,-92.3340724
2265,32.95319,-96.80213
2266,39.5770131,-84.2308676
2267,28.840738,-82.359827
2268,44.733446,-93.12795
2269,42.103344,-75.911478
2270,42.126355,-76.025547
2271,40.084164,-83.017961
2272,26.549262,-81.869368
2273,40.057524,-82.861273
2274,40.003807,-82.861654
2275,37.580765,-122.359234
2276,32.0573539,-81.2754928
2277,42.8692349,-71.9525829
2278,42.867728,-71.95428
2279,28.966071,-82.4190519
2280,32.7956307,-117.2365589
2281,28.2460769,-81.2601855
2282,28.3282528,-81.4147181
2283,42.8558179,-71.9704449
2284,33.7651357,-118.1573472
2285,36.16085,-115.125736
2286,28.3213893,-81.4240343
2287,42.943746,-85.569106
2288,42.1757,-72.4444
2289,42.350191,-71.0575995
2290,28.304824,-81.422234
2291,47.6706,-122.11
2292,42.9459278,-85.5521299
2293,40.75429,-73.981298
2294,28.3083534,-81.4644313
2295,39.52267026,-84.72502559
2296,38.021404,-121.268015
2297,43.6640539,-79.3678932
2298,43.6562047,-79.3618459
2299,43.6637459,-79.3704962
2300,43.6465934,-79.4069324
2301,39.771222,-86.238673
2302,40.72668149,-73.99610639
2303,34.042153,-77.89018
2304,43.424905,-80.48356533
2305,43.40532809,-80.50034523
2306,43.671699,-79.380057
2307,43.6613233,-79.4285457
2308,24.560997,-81.778581
2309,37.629225,-122.414886
2310,41.113801,-74.104886
2311,35.26952717,-80.83896532
2312,42.257143,-87.841696
2313,42.256721,-87.840896
2314,39.3822537,-74.6166192
2315,37.81381433,-80.07549942
2316,34.40879822,-84.03929901
2317,40.725252,-73.987784
2318,43.403679,-80.32769
2319,42.3436571,-71.0796758
2320,40.728556,-73.983335
2321,34.438403,-83.985028
2322,42.3508195,-71.0747512
2323,40.8038006,-73.9688417
2324,42.94988919,-71.45138741
2325,42.95654815,-71.43169999
2326,42.946906,-71.436224
2327,40.771814,-73.873339
2328,39.39426,-74.388032
2329,37.419085,-122.149305
2330,37.448896,-122.159338
2331,30.469198,-87.214297
2332,40.7620177,-73.9498946
2333,39.96939143,-74.91057873
2334,40.74345289,-73.99987221
2335,40.388934,-75.917935
2336,39.9364,-75.38891
2337,40.7247349,-74.1523975
2338,37.0869391,-88.5957815
2339,26.30568254,-98.18683214
2340,47.611013,-122.33942
2341,47.8779826,-122.1872881
2342,43.42814643,-80.43232441
2343,40.309526,-73.98796
2344,29.770286,-95.400143
2345,38.67718,-90.016441
2346,42.937794,-76.565208
2347,34.807971,-86.990197
2348,48.453095,-68.523261
2349,36.218868,-115.274551
2350,37.896949,-87.111065
2351,43.41408861,-80.51609516
2352,32.998387,-96.79744
2353,42.0564755,-88.2675714
2354,32.963867,-96.822302
2355,30.370851,-97.696836
2356,41.442333,-71.717201
2357,41.242834,-73.030731
2358,38.403982,-75.568244
2359,28.889808,-82.584113
2360,38.99099857,-104.8096373
2361,26.001135,-80.229019
2362,29.9263687,-81.4123697
2363,40.371569,-80.65645
2364,28.011541,-82.373842
2365,37.46811952,-77.53378987
2366,40.37689,-111.81447
2367,29.9477185,-90.1302359
2368,40.387605,-111.850994
2369,37.81198,-122.247237
2370,39.6175012,-106.0823434
2371,29.9208661,-90.0922061
2372,33.892949,-84.326716
2373,35.128819,-78.87951
2374,42.789746,-88.692152
2375,43.41870218,-80.50073147
2376,35.071634,-78.9519219
2377,43.58872,-116.27778
2378,28.035419,-82.487567
2379,28.069235,-82.632787
2380,47.59208451,-122.3339278
2381,33.876074,-84.423991
2382,42.481244,-71.216834
2383,40.87643346,-72.52791882
2384,40.95303425,-73.8513422
2385,37.8202159,-85.4410965
2386,37.66180901,-85.18378258
2387,34.020486,-85.019056
2388,36.004134,-79.954343
2389,45.5736008,-122.5599381
2390,43.6173726,-116.2841588
2391,43.700444,-116.4903957
2392,40.3031747,-78.8268043
2393,40.87883466,-72.52027988
2394,38.959214,-95.243482
2395,33.862249,-117.54403
2396,40.2744518,-78.820525
2397,28.2460173,-81.2709285
2398,43.7872071,-75.4887734
2399,37.7642,-122.468
2400,43.896234,-78.960054
2401,39.523622,-84.764819
2402,35.589931,-77.384605
2403,26.35878,-80.083335
2404,42.2982965,-85.568837
2405,36.2144022,-86.3251663
2406,36.2185839,-86.5746139
2407,37.406032,-121.980073
2408,39.510873,-84.747693
2409,40.808444,-77.898723
2410,47.733482,-116.791665
2411,37.781653,-122.4588
2412,30.437685,-89.095257
2413,37.8598927,-87.5677655
2414,42.3920716,-71.4922249
2415,34.42131911,-118.5639381
2416,42.3491631,-71.2294036
2417,39.00367775,-94.22012329
2418,41.908453,-87.628405
2419,40.699802,-89.6324977
2420,39.683449,-75.002779
2421,38.6131638,-76.9282919
2422,32.676264,-97.09073
2423,39.450156,-74.753891
2424,41.154756,-73.730728
2425,41.1220194,-73.7948516
2426,39.84193118,-96.05723095
2427,38.4403763,-122.7027731
2428,36.062422,-79.962814
2429,28.397524,-81.469657
2430,41.9973663,-71.5458153
2431,40.57083333,-89.65194444
2432,26.02186,-80.22954
2433,34.206914,-84.783453
2434,34.03014,-118.493147
2435,33.922861,-117.416737
2436,42.0825537,-80.18165588
2437,40.3048209,-112.018702
2438,33.6754352,-78.9042287
2439,41.888557,-87.635311
2440,38.0059147,-84.4495815
2441,38.1562646,-85.6640916
2442,33.8081005,-118.0692193
2443,41.26129149,-68.41186523
2444,47.697144,-122.290988
2445,37.746951,-76.385797
2446,32.76123,-117.130007
2447,31.8964712,-106.4288088
2448,29.9382451,-90.0517014
2449,40.1416528,-85.6325183
2450,35.7228489,-79.474877
2451,32.766331,-117.20073
2452,34.412268,-119.846772
2453,37.78144218,-121.2277472
2454,38.599231,-121.4325288
2455,38.538029,-76.983221
2456,43.7864532,-88.4279611
2457,25.9171273,-80.1602155
2458,33.745403,-117.86915
2459,28.031986,-82.432433
2460,33.9208983,-84.3145305
2461,38.914641,-76.8834849
2462,34.050376,-117.309682
2463,35.6922244,-105.9474526
2464,39.743433,-104.9918299
2465,40.9667297,-83.650545
2466,28.545918,-81.730262
2467,33.902586,-118.389228
2468,35.177601,-106.57675
2469,34.27601362,-88.71936321
2470,32.8078733,-96.7968858
2471,38.5696749,-121.465871
2472,41.6650052,-72.8670933
2473,37.641554,-121.002624
2474,35.5347859,-77.409091
2475,39.95273895,-74.87056017
2476,40.72690102,-84.07257557
2477,40.7262602,-74.0040766
2478,44.3967829,-79.6579455
2479,37.7978143,-121.120791
2480,29.450588,-98.681075
2481,41.7062219,-88.128285
2482,34.107705,-117.613143
2483,40.731599,-73.992894
2484,34.072883,-117.558565
2485,40.21870041,-74.12262726
2486,29.5709197,-98.3263458
2487,42.3874662,-71.1171152
2488,31.44503049,-90.4796648
2489,38.9287414,-76.5682832
2490,33.8579477,-118.1170927
2491,43.4782756,-80.5363536
2492,34.237493,-118.548918
2493,33.7831329,-84.391787
2494,33.724116,-84.73602
2495,39.6643553,-75.6572887
2496,35.627122,-120.690337
2497,42.3200167,-83.2572611
2498,41.02739335,-83.66038978
2499,40.613467,-73.98026
2500,35.192126,-101.881159
2501,39.5240879,-121.5685214
2502,39.96939143,-74.91057873
2503,40.743307,-73.989294
2504,40.0795579,-75.1735254
2505,42.718487,-83.416326
2506,38.8981389,-77.1165525
2507,33.1362221,-97.0821162
2508,41.9683344,-87.7279989
2509,28.36799063,-81.54687881
2510,47.697144,-122.290988
2511,41.93864776,-87.65403271
2512,40.729853,-74.000994
2513,34.1231756,-117.6704091
2514,40.7563371,-73.9748545
2515,28.318664,-80.610261
2516,28.493922,-81.6918377
2517,41.75034388,-88.11761498
2518,29.9232364,-90.0881967
2519,32.214729,-80.704961
2520,32.744852,-117.144996
2521,35.221036,-97.439583
2522,42.0319929,-87.9504608
2523,25.7718945,-80.2534742
2524,32.342483,-90.229145
2525,39.4252392,-84.546395
2526,39.962771,-75.354909
2527,28.6036167,-80.8076929
2528,27.7901532,-82.634839
2529,42.368803,-83.3461217
2530,31.53889991,-90.48384905
2531,36.0851452,-79.8368708
2532,32.81295861,-96.76435947
2533,41.69191806,-73.90026569
2534,39.7090477,-105.0816521
2535,33.2220028,-97.1467072
2536,42.1523171,-87.9671285
2537,29.789556,-95.2017089
2538,25.95262324,-80.14604688
2539,40.7239694,-74.0002551
2540,41.00657,-73.9494409
2541,25.7608704,-80.4515618
2542,42.5105686,-92.4601184
2543,36.2143917,-83.2868044
2544,38.888965,-104.787497
2545,37.9993679,-121.320404
2546,33.976102,-117.340438
2547,45.4174344,-75.6981172
2548,45.296477,-75.926834
2549,30.18134117,-92.03165531
2550,41.523939,-73.930421
2551,35.6850144,-105.9451346
2552,32.7628947,-117.1291398
2553,40.6550976,-74.3048326
2554,32.96438678,-117.1109962
2555,42.213347,-85.722658
2556,42.2776989,-85.6352408
2557,42.4671964,-85.7586534
2558,38.596107,-121.4041772
2559,32.71148853,-117.1609443
2560,29.8755686,-90.0466526
2561,48.7449622,-122.465048
2562,48.8186307,-122.4857268
2563,38.5743574,-121.4045671
2564,32.710732,-117.160739
2565,35.1514337,-106.5533575
2566,35.104472,-106.5481523
2567,35.144793,-106.594999
2568,41.02739335,-83.66038978
2569,32.755707,-117.133462
2570,38.925939,-77.037579
2571,40.761784,-73.918616
2572,35.6850144,-105.9451346
2573,41.6874142,-88.3393051
2574,32.762935,-117.1293022
2575,34.243187,-84.487989
2576,34.0560129,-117.2679191
2577,32.9204883,-96.9953236
2578,42.1767603,-88.0752363
2579,34.0669393,-118.4008995
2580,44.40683745,-79.65285301
2581,45.8729226,-92.3631638
2582,34.0693882,-83.9101562
2583,40.847087,-73.784739
2584,40.788755,-73.969019
2585,39.748396,-121.878919
2586,39.9366198,-82.0101963
2587,41.363434,-75.676491
2588,45.423138,-122.738926
2589,40.629949,-73.808794
2590,32.5642345,-93.6041712
2591,40.08257001,-75.02623558
2592,35.5408666,-120.7157203
2593,28.603821,-81.367313
2594,38.8529943,-77.1270449
2595,34.41210549,-119.8554325
2596,34.41298175,-119.8577607
2597,25.44792489,-100.9788609
2598,38.882334,-77.1710914
2599,37.74872923,-81.13600731
2600,34.187834,-118.465523
2601,39.2576121,-76.6425092
2602,39.39707,-74.628174
2603,27.816857,-82.728998
2604,41.880003,-87.654843
2605,40.939307,-73.993403
2606,34.083975,-118.329122
2607,40.7836039,-73.977755
2608,40.64961538,-74.34769034
2609,41.9680897,-87.7439711
2610,37.274325,-121.901694
2611,41.136958,-81.638128
2612,42.086208,-86.425297
2613,40.780436,-73.94988
2614,32.4284761,-90.1323087
2615,41.337984,-83.103669
2616,40.730047,-73.958211
2617,27.805113,-82.678824
2618,32.342483,-90.229145
2619,40.7585,-73.978089
2620,40.730847,-73.958026
2621,45.532072,-122.439079
2622,45.4970796,-122.6111428
2623,45.536119,-122.429885
2624,38.9048857,-77.0299675
2625,33.8102717,-118.06321
2626,30.3059821,-97.7075162
2627,33.043828,-97.035171
2628,40.1013175,-74.9490765
2629,41.78497308,-88.07303667
2630,36.131406,-115.186722
2631,42.02046186,-88.0437094
2632,42.8108202,-70.8656956
2633,37.1179199,-113.6003508
2634,40.7492592,-73.8896898
2635,28.493922,-81.6918377
2636,38.0271278,-97.3364174
2637,43.123561,-77.594578
2638,43.5902787,-116.313411
2639,41.3489103,-81.6846834
2640,30.0041778,-90.1037293
2641,47.697144,-122.290988
2642,42.2496159,-83.3477171
2643,42.8125913,-70.8772751
2644,40.1409949,-75.387265
2645,27.932988,-82.509394
2646,42.938632,-83.725318
2647,40.6201974,-74.4018338
2648,37.694212,-97.388511
2649,37.485881,-122.2262454
2650,42.8125913,-70.8772751
2651,39.2576121,-76.6425092
2652,42.059697,-88.142281
2653,41.787596,-87.746201
2654,32.7481082,-117.1604654
2655,44.9715927,-93.512311
2656,27.939589,-82.482718
2657,39.278012,-76.829731
2658,43.130347,-77.441999
2659,25.813778,-80.336831
2660,37.291254,-121.989541
2661,42.066088,-88.1444872
2662,39.9523775,-75.1551372
2663,33.7890558,-84.622264
2664,42.00217487,-87.81530857
2665,40.0450703,-74.3226342
2666,33.043828,-97.035171
2667,40.852609,-73.935277
2668,42.9161038,-87.9808622
2669,40.708762,-74.006731
2670,28.557761,-80.8186777
2671,25.765928,-80.220925
2672,41.68722912,-88.19232792
2673,40.8050233,-76.2047293
2674,40.75024805,-73.98292065
2675,42.674888,-70.839012
2676,37.595417,-77.5118885
2677,37.792602,-122.400439
2678,39.04191958,-77.10805893
2679,39.311869,-76.5088899
2680,39.318787,-76.511194
2681,29.450588,-98.681075
2682,41.7981459,-73.9393944
2683,40.73077,-73.9826439
2684,36.373068,-75.830081
2685,39.5887079,-76.066226
2686,38.4147397,-90.3780455
2687,39.371628,-76.454018
2688,28.6113379,-80.8077319
2689,43.6679162,-79.3754115
2690,41.414081,-81.712824
2691,42.2917866,-71.2873402
2692,29.43823,-98.670654
2693,29.450588,-98.681075
2694,39.378951,-76.611707
2695,39.280417,-76.597694
2696,38.998664,-76.521851
2697,33.797636,-84.388234
2698,41.424429,-88.228273
2699,27.983871,-82.549492
2700,42.826898,-85.684303
2701,40.019894,-74.944865
2702,40.034813,-74.958362
2703,40.05063022,-74.95336533
2704,40.037925,-74.9596285
2705,36.115845,-115.173224
2706,35.117274,-80.856801
2707,37.797847,-122.395514
2708,39.662401,-74.28492
2709,34.1810125,-118.7867294
2710,34.278103,-118.883381
2711,36.100834,-115.049752
2712,42.489176,-83.183839
2713,41.001559,-72.298495
2714,29.620511,-98.4653539
2715,33.126536,-117.088802
2716,33.15548123,-117.237854
2717,33.7447539,-84.38997746
2718,33.0333855,-117.0805204
2719,37.344498,-121.886128
2720,38.2585219,-85.7035209
2721,41.021334,-73.947754
2722,42.1953965,-83.1803617
2723,42.4928041,-83.1468159
2724,38.7871038,-76.2211004
2725,45.534668,-122.897927
2726,48.1115566,-96.1861474
2727,34.053458,-118.457827
2728,39.1929749,-84.381445
2729,33.463523,-117.59894
2730,41.939474,-87.717231
2731,33.463364,-117.596165
2732,42.36177,-83.43589
2733,42.7793852,-96.9322436
2734,38.901024,-77.032281
2735,29.3576691,-96.1035644
2736,40.672889,-73.9782355
2737,29.3231737,-96.0980136
2738,38.8910606,-77.1848028
2739,42.5244786,-92.467704
2740,36.114677,-115.152858
2741,42.301738,-71.216823
2742,30.667831,-88.13454
2743,40.13406906,-75.51422596
2744,45.392423,-75.7531373
2745,36.131931,-115.160451
2746,36.1589656,-115.2851653
2747,45.4174344,-75.6981172
2748,44.7436852,-75.46641827
2749,45.4202147,-75.6925403
2750,45.296477,-75.926834
2751,38.963073,-119.79842
2752,36.2379269,-115.2309372
2753,39.146439,-119.768968
2754,45.2673584,-75.9300069
2755,30.353155,-97.754042
2756,42.826753,-85.683319
2757,27.687411,-97.385519
2758,42.9933204,-81.2545587
2759,32.7473731,-117.1603947
2760,44.8571486,-93.4355307
2761,30.53008,-97.613361
2762,37.5311184,-121.9596963
2763,42.9132559,-85.585066
2764,39.708424,-104.927356
2765,32.81899,-117.154423
2766,32.76264,-117.130996
2767,40.6967693,-111.9474332
2768,40.7650694,-73.9140101
2769,38.60134,-121.412098
2770,32.74680031,-117.1601532
2771,32.76304235,-117.1304101
2772,41.885689,-88.308919
2773,37.7654244,-122.4119354
2774,35.0287217,-85.2904942
2775,39.138923,-94.290719
2776,35.011678,-85.215759
2777,42.91460353,-85.57843208
2778,40.9667297,-83.650545
2779,41.8062511,-72.2497116
2780,41.8054985,-72.2446713
2781,38.925939,-77.037579
2782,26.3178097,-80.1501084
2783,26.334352,-80.146706
2784,43.0206584,-87.9126521
2785,42.48733676,-83.14579725
2786,41.022004,-83.648804
2787,40.8988922,-83.5549321
2788,33.509451,-81.9733429
2789,37.645123,-97.323034
2790,41.017966,-83.649832
2791,40.19526,-83.05299
2792,38.898096,-77.0278827
2793,40.761784,-73.918616
2794,32.762796,-117.1282662
2795,38.9496589,-122.632966
2796,41.45189421,-96.47390842
2797,35.7116154,-105.9389514
2798,35.6925456,-105.9325896
2799,27.941893,-82.461232
2800,32.762895,-117.129985
2801,35.7893186,-78.6479696
2802,35.802907,-78.619935
2803,42.2735401,-83.7800161
2804,35.694746,-105.950958
2805,41.45189421,-96.47390842
2806,38.90781,-77.024256
2807,40.842922,-96.680399
2808,40.824772,-96.635087
2809,35.791469,-80.8489293
2810,39.2576121,-76.6425092
2811,37.084104,-94.527282
2812,32.7491191,-117.2517882
2813,32.7048205,-117.1491786
2814,40.276682,-76.646671
2815,27.9228898,-82.3352393
2816,40.763763,-111.854933
2817,37.2864161,-121.9681758
2818,30.2767,-97.7708557
2819,39.222019,-84.518052
2820,37.315887,-121.977984
2821,40.8157369,-74.1620246
2822,35.624489,-120.691418
2823,42.5110451,-83.1651685
2824,37.99369381,-84.52958107
2825,38.417382,-121.353209
2826,25.670227,-80.461674
2827,45.0865536,-93.42545
2828,33.895945,-118.2238114
2829,43.0578512,-89.50613022
2830,37.74872923,-81.13600731
2831,27.823108,-82.746559
2832,40.2960616,-90.0608274
2833,36.131406,-115.186722
2834,32.716862,-117.160318
2835,35.685215,-105.933522
2836,37.81171653,-80.43163776
2837,38.02943354,-78.50130558
2838,44.7764664,-73.1318072
2839,38.02157365,-84.42392349
2840,37.416819,-121.8949451
2841,35.5851013,-106.1031184
2842,39.39707,-74.628174
2843,32.9287101,-96.8114384
2844,35.64947638,-97.45816112
2845,38.735918,-85.379793
2846,38.774469,-85.39375
2847,37.4890118,-121.9284571
2848,37.812415,-122.261341
2849,27.8351986,-82.7283584
2850,33.721741,-78.880951
2851,40.718132,-73.963037
2852,37.499404,-120.824725
2853,40.75477505,-96.66638374
2854,40.805918,-96.653316
2855,32.71057497,-117.1539867
2856,41.4723227,-87.0271431
2857,27.830975,-82.731063
2858,40.939307,-73.993403
2859,34.083975,-118.329122
2860,34.107918,-118.340567
2861,39.0079041,-93.9584871
2862,32.4466444,-84.9312318
2863,35.831995,-86.418387
2864,41.126305,-81.6077619
2865,36.131406,-115.186722
2866,40.7256,-73.9999
2867,40.7796659,-73.977169
2868,40.66693515,-73.97442341
2869,42.9736966,-83.7177334
2870,40.75538459,-73.9721489
2871,40.784064,-73.978978
2872,49.2836576,-123.1362388
2873,25.68293576,-80.46365261
2874,40.763257,-73.978342
2875,29.450588,-98.681075
2876,33.9693906,-84.4890516
2877,34.136757,-117.865054
2878,37.7945253,-122.2425098
2879,33.71505,-117.881642
2880,40.19526,-83.05299
2881,40.780436,-73.94988
2882,43.016433,-79.22715
2883,29.450588,-98.681075
2884,29.43823,-98.670654
2885,40.708762,-74.006731
2886,41.656047,-83.5460145
2887,32.298988,-90.182366
2888,27.722783,-82.434561
2889,43.6551251,-79.4027463
2890,39.051915,-94.589739
2891,30.397208,-88.651926
2892,33.79305556,-84.36888889
2893,26.83913,-80.113771
2894,33.906606,-84.3741471
2895,40.694085,-73.913627
2896,45.4970796,-122.6111428
2897,45.5936195,-121.1810176
2898,34.046767,-84.226128
2899,33.8081005,-118.0692193
2900,32.663522,-97.218659
2901,40.1012071,-75.0344736
2902,48.435237,-122.312894
2903,45.536119,-122.429885
2904,40.7475374,-73.8850074
2905,40.7644,-73.966204
2906,34.072883,-117.558565
2907,41.292494,-73.880174
2908,44.061673,-92.499292
2909,43.126218,-77.518351
2910,43.130347,-77.441999
2911,32.74437,-117.1603987
2912,35.4735896,-115.5903577
2913,30.419967,-91.1773401
2914,30.419967,-91.1773401
2915,43.665187,-70.260502
2916,39.2576121,-76.6425092
2917,39.9672794,-75.1400523
2918,40.2481937,-75.2948931
2919,32.835257,-96.752815
2920,37.1597301,-93.283426
2921,29.80989106,-85.30274391
2922,33.6548725,-84.5038901
2923,33.6880695,-84.4897704
2924,28.027556,-82.4285902
2925,47.657412,-122.313563
2926,27.807324,-82.636705
2927,27.905448,-82.5107419
2928,33.680068,-117.828991
2929,45.504286,-122.410826
2930,45.152972,-122.881784
2931,40.723584,-74.00249
2932,40.61349635,-73.98047447
2933,39.3110597,-74.5940053
2934,43.123561,-77.594578
2935,43.126218,-77.518351
2936,32.4284761,-90.1323087
2937,39.39707,-74.628174
2938,36.105565,-115.280322
2939,37.7882515,-122.4050577
2940,41.8899092,-87.6380421
2941,40.939307,-73.993403
2942,32.808991,-117.202621
2943,42.0182138,-88.1447152
2944,35.4735896,-115.5903577
2945,41.752107,-87.79747
2946,37.7186605,-122.1574049
2947,37.719412,-122.152424
2948,27.7609998,-80.4198745
2949,37.711716,-122.144945
2950,37.8095621,-122.2629598
2951,41.965357,-87.795154
2952,33.7890558,-84.622264
2953,32.298988,-90.182366
2954,33.128157,-96.65011
2955,32.753815,-117.209272
2956,32.808991,-117.202621
2957,41.136528,-81.633705
2958,41.136958,-81.638128
2959,42.059697,-88.142281
2960,40.401608,-80.001131
2961,40.3660279,-80.1070283
2962,43.6581558,-79.37246
2963,39.730905,-94.784881
2964,39.715005,-94.877796
2965,39.723194,-94.870566
2966,32.4284761,-90.1323087
2967,25.7718397,-80.2537392
2968,30.268735,-97.745209
2969,32.298988,-90.182366
2970,45.483114,-73.468944
2971,40.7826039,-73.9506774
2972,37.35233674,-121.9365102
2973,37.3591643,-121.94688
2974,40.62248,-74.304781
2975,44.559523,-69.6334398
2976,37.8077083,-122.2775393
2977,37.8086099,-122.2695328
2978,41.869699,-87.655009
2979,38.0003644,-84.4402219
2980,32.647311,-83.664736
2981,38.972663,-76.48508
2982,40.71922935,-73.60376894
2983,40.7147984,-74.0026528
2984,41.25971074,-75.8200407
2985,40.035869,-75.236356
2986,44.549754,-88.1508999
2987,41.128344,-74.370602
2988,32.655943,-117.093973
2989,37.7314,-122.447
2990,38.198841,-84.269231
2991,29.673626,-82.329822
2992,38.63487,-90.348103
2993,44.476835,-73.211994
2994,45.6436,-122.604
2995,40.055963,-80.669894
2996,42.331964,-83.046319
2997,47.48153,-122.211783
2998,40.002688,-86.065229
2999,41.9103352,-87.6858354
3000,40.76624155,-73.97862911
